id,name,reg_file,ver_file,date,status,message
653,A3MC5OA9RXOOFH,data/registration_A3MC5OA9RXOOFH_H13M0S45_LGMS210.csv,data/verification_A3MC5OA9RXOOFH_H13M2S55_LGMS210.csv,9/14/2017,1,Pass! Try next round.; 
659,A3MC5OA9RXOOFH,data/registration_A3MC5OA9RXOOFH_H13M0S45_LGMS210.csv,data/verification_A3MC5OA9RXOOFH_H13M5S27_LGMS210.csv,9/14/2017,0,Fail! Try next round.; 
664,A3MC5OA9RXOOFH,data/registration_A3MC5OA9RXOOFH_H13M0S45_LGMS210.csv,data/verification_A3MC5OA9RXOOFH_H13M7S41_LGMS210.csv,9/14/2017,0,Fail! Try next round.; 
667,A3MC5OA9RXOOFH,data/registration_A3MC5OA9RXOOFH_H13M0S45_LGMS210.csv,data/verification_A3MC5OA9RXOOFH_H13M8S55_LGMS210.csv,9/14/2017,1,Pass! Try next round.; 
669,A3MC5OA9RXOOFH,data/registration_A3MC5OA9RXOOFH_H13M0S45_LGMS210.csv,data/verification_A3MC5OA9RXOOFH_H13M10S10_LGMS210.csv,9/14/2017,1,Pass! Enter code.;Code: 54998
677,A3MC5OA9RXOOFH,data/registration_A3MC5OA9RXOOFH_H13M0S45_LGMS210.csv,data/verification_A3MC5OA9RXOOFH_H13M11S27_LGMS210.csv,9/14/2017,1,No more try please!; 
685,A3MC5OA9RXOOFH,data/registration_A3MC5OA9RXOOFH_H13M0S45_LGMS210.csv,data/verification_A3MC5OA9RXOOFH_H13M13S16_LGMS210.csv,9/14/2017,1,No more try please!; 
1422,akrishnan,data/registration_akrishnan_H14M9S10_XT1663.csv,data/verification_akrishnan_H14M14S11_XT1663.csv,9/17/2017,1,Pass! Try next round.; 
1423,akrishnan,data/registration_akrishnan_H14M9S10_XT1663.csv,data/verification_akrishnan_H14M17S27_XT1663.csv,9/17/2017,1,Pass! Try next round.; 
1424,akrishnan,data/registration_akrishnan_H14M9S10_XT1663.csv,data/verification_akrishnan_H14M20S7_XT1663.csv,9/17/2017,1,Pass! Try next round.; 
1425,akrishnan,data/registration_akrishnan_H14M9S10_XT1663.csv,data/verification_akrishnan_H14M22S15_XT1663.csv,9/17/2017,1,Pass! Try next round.; 
1426,akrishnan,data/registration_akrishnan_H14M9S10_XT1663.csv,data/verification_akrishnan_H14M24S23_XT1663.csv,9/17/2017,1,Pass! Enter code.;Code: 81294
1054,amitkumar,data/registration_amitkumar_H14M58S32_YU5010A.csv,data/verification_amitkumar_H15M6S44_YU5010A.csv,9/15/2017,1,Pass! Try next round.; 
1055,amitkumar,data/registration_amitkumar_H14M58S32_YU5010A.csv,data/verification_amitkumar_H15M8S35_YU5010A.csv,9/15/2017,1,Pass! Try next round.; 
1056,amitkumar,data/registration_amitkumar_H14M58S32_YU5010A.csv,data/verification_amitkumar_H15M10S7_YU5010A.csv,9/15/2017,1,Pass! Try next round.; 
1057,amitkumar,data/registration_amitkumar_H14M58S32_YU5010A.csv,data/verification_amitkumar_H15M12S0_YU5010A.csv,9/15/2017,0,Fail! Try next round.; 
1058,amitkumar,data/registration_amitkumar_H14M58S32_YU5010A.csv,data/verification_amitkumar_H15M13S59_YU5010A.csv,9/15/2017,0,Fail! Enter code.;Code: 20687
1220,andrea,data/registration_Andrea_H15M36S30_SM_G930R4.csv,data/verification_andrea_H15M41S42_SM_G930R4.csv,9/15/2017,1,Pass! Try next round.; 
1221,andrea,data/registration_Andrea_H15M36S30_SM_G930R4.csv,data/verification_Andrea_H15M43S55_SM_G930R4.csv,9/15/2017,1,Pass! Try next round.; 
1222,andrea,data/registration_Andrea_H15M36S30_SM_G930R4.csv,data/verification_andrea_H15M45S42_SM_G930R4.csv,9/15/2017,1,Pass! Try next round.; 
1223,andrea,data/registration_Andrea_H15M36S30_SM_G930R4.csv,data/verification_andrea_H15M47S20_SM_G930R4.csv,9/15/2017,1,Pass! Try next round.; 
1224,andrea,data/registration_Andrea_H15M36S30_SM_G930R4.csv,data/verification_Andrea_H15M48S55_SM_G930R4.csv,9/15/2017,1,Pass! Enter code.;Code: 64436
1138,Aron,data/registration_Aron_H20M55S25_5070D.csv,data/verification_Aron_H20M59S5_5070D.csv,9/15/2017,1,Pass! Try next round.; 
1145,Aron,data/registration_Aron_H20M55S25_5070D.csv,data/verification_Aron_H21M3S20_5070D.csv,9/15/2017,1,Pass! Try next round.; 
1149,Aron,data/registration_Aron_H20M55S25_5070D.csv,data/verification_Aron_H21M8S57_5070D.csv,9/15/2017,1,Pass! Try next round.; 
1150,Aron,data/registration_Aron_H20M55S25_5070D.csv,data/verification_Aron_H21M11S13_5070D.csv,9/15/2017,1,Pass! Try next round.; 
1151,Aron,data/registration_Aron_H20M55S25_5070D.csv,data/verification_Aron_H21M13S31_5070D.csv,9/15/2017,1,Pass! Enter code.;Code: 35629
977,Athena,data/registration_Athena_H20M38S34_Nexus5X.csv,data/verification_Athena_H20M40S56_Nexus5X.csv,9/14/2017,1,Pass! Try next round.; 
978,Athena,data/registration_Athena_H20M38S34_Nexus5X.csv,data/verification_Athena_H20M43S34_Nexus5X.csv,9/14/2017,1,Pass! Try next round.; 
980,Athena,data/registration_Athena_H20M38S34_Nexus5X.csv,data/verification_Athena_H20M44S56_Nexus5X.csv,9/14/2017,0,Fail! Try next round.; 
981,Athena,data/registration_Athena_H20M38S34_Nexus5X.csv,data/verification_Athena_H20M46S40_Nexus5X.csv,9/14/2017,0,Fail! Try next round.; 
982,Athena,data/registration_Athena_H20M38S34_Nexus5X.csv,data/verification_Athena_H20M48S0_Nexus5X.csv,9/14/2017,1,Pass! Enter code.;Code: 88259
1285,Avrahman,data/registration_Avrahman_H17M10S56_Che1_L04.csv,data/verification_Avrahman_H17M13S58_Che1_L04.csv,9/16/2017,1,Pass! Try next round.; 
1287,Avrahman,data/registration_Avrahman_H17M10S56_Che1_L04.csv,data/verification_Avrahman_H17M21S19_Che1_L04.csv,9/16/2017,1,Pass! Try next round.; 
1289,Avrahman,data/registration_Avrahman_H17M10S56_Che1_L04.csv,data/verification_Avrahman_H17M22S25_Che1_L04.csv,9/16/2017,1,Pass! Try next round.; 
1202,azul,data/registration_azul_H15M45S58_Pixel.csv,data/verification_azul_H15M49S12_Pixel.csv,9/15/2017,1,Pass! Try next round.; 
1204,azul,data/registration_azul_H15M45S58_Pixel.csv,data/verification_azul_H15M52S17_Pixel.csv,9/15/2017,1,Pass! Try next round.; 
1207,azul,data/registration_azul_H15M45S58_Pixel.csv,data/verification_azul_H15M54S17_Pixel.csv,9/15/2017,0,Fail! Try next round.; 
1209,azul,data/registration_azul_H15M45S58_Pixel.csv,data/verification_azul_H15M55S55_Pixel.csv,9/15/2017,0,Fail! Try next round.; 
1211,azul,data/registration_azul_H15M45S58_Pixel.csv,data/verification_azul_H15M57S39_Pixel.csv,9/15/2017,0,Fail! Enter code.;Code: 95683
769,beccatron,data/registration_beccatron_H12M31S42_SM_N920T.csv,data/verification_beccatron_H12M33S54_SM_N920T.csv,9/14/2017,1,Pass! Try next round.; 
770,beccatron,data/registration_beccatron_H12M31S42_SM_N920T.csv,data/verification_beccatron_H12M35S13_SM_N920T.csv,9/14/2017,1,Pass! Try next round.; 
772,beccatron,data/registration_beccatron_H12M31S42_SM_N920T.csv,data/verification_beccatron_H12M36S18_SM_N920T.csv,9/14/2017,1,Pass! Try next round.; 
773,beccatron,data/registration_beccatron_H12M31S42_SM_N920T.csv,data/verification_beccatron_H12M37S15_SM_N920T.csv,9/14/2017,1,Pass! Try next round.; 
774,beccatron,data/registration_beccatron_H12M31S42_SM_N920T.csv,data/verification_beccatron_H12M38S17_SM_N920T.csv,9/14/2017,0,Fail! Enter code.;Code: 61987
1448,bingu,data/registration_bingu_H19M8S36_RedmiNote3.csv,data/verification_bingu_H19M13S48_RedmiNote3.csv,9/17/2017,1,Pass! Try next round.; 
1450,bingu,data/registration_bingu_H19M8S36_RedmiNote3.csv,data/verification_bingu_H19M16S21_RedmiNote3.csv,9/17/2017,1,Pass! Try next round.; 
1453,bingu,data/registration_bingu_H19M8S36_RedmiNote3.csv,data/verification_bingu_H19M18S19_RedmiNote3.csv,9/17/2017,1,Pass! Try next round.; 
1455,bingu,data/registration_bingu_H19M8S36_RedmiNote3.csv,data/verification_bingu_H19M20S12_RedmiNote3.csv,9/17/2017,1,Pass! Try next round.; 
1457,bingu,data/registration_bingu_H19M8S36_RedmiNote3.csv,data/verification_bingu_H19M22S11_RedmiNote3.csv,9/17/2017,1,Pass! Enter code.;Code: 65844
1574,bluesea,data/registration_bluesea_H21M27S29_SAMSUNG_SGH_I537.csv,data/verification_bluesea_H21M31S2_SAMSUNG_SGH_I537.csv,9/18/2017,1,Pass! Try next round.; 
1576,bluesea,data/registration_bluesea_H21M27S29_SAMSUNG_SGH_I537.csv,data/verification_bluesea_H21M32S27_SAMSUNG_SGH_I537.csv,9/18/2017,1,Pass! Try next round.; 
1577,bluesea,data/registration_bluesea_H21M27S29_SAMSUNG_SGH_I537.csv,data/verification_bluesea_H21M33S53_SAMSUNG_SGH_I537.csv,9/18/2017,1,Pass! Try next round.; 
1579,bluesea,data/registration_bluesea_H21M27S29_SAMSUNG_SGH_I537.csv,data/verification_bluesea_H21M35S16_SAMSUNG_SGH_I537.csv,9/18/2017,1,Pass! Try next round.; 
1580,bluesea,data/registration_bluesea_H21M27S29_SAMSUNG_SGH_I537.csv,data/verification_bluesea_H21M36S36_SAMSUNG_SGH_I537.csv,9/18/2017,1,Pass! Enter code.;Code: 16618
862,broburns89,data/registration_broburns89_H15M13S53_XT1575.csv,data/verification_broburns89_H15M18S2_XT1575.csv,9/14/2017,1,Pass! Try next round.; 
865,broburns89,data/registration_broburns89_H15M13S53_XT1575.csv,data/verification_broburns89_H15M21S44_XT1575.csv,9/14/2017,1,Pass! Try next round.; 
867,broburns89,data/registration_broburns89_H15M13S53_XT1575.csv,data/verification_broburns89_H15M24S44_XT1575.csv,9/14/2017,1,Pass! Try next round.; 
868,broburns89,data/registration_broburns89_H15M13S53_XT1575.csv,data/verification_broburns89_H15M26S55_XT1575.csv,9/14/2017,1,Pass! Try next round.; 
869,broburns89,data/registration_broburns89_H15M13S53_XT1575.csv,data/verification_broburns89_H15M29S8_XT1575.csv,9/14/2017,1,Pass! Enter code.;Code: 18614
940,bt,data/registration_bt_H21M46S46_LG_K550.csv,data/verification_bt_H21M49S8_LG_K550.csv,9/14/2017,0,Fail! Try next round.; 
941,bt,data/registration_bt_H21M46S46_LG_K550.csv,data/verification_bt_H21M51S13_LG_K550.csv,9/14/2017,0,Fail! Try next round.; 
942,bt,data/registration_bt_H21M46S46_LG_K550.csv,data/verification_bt_H21M53S3_LG_K550.csv,9/14/2017,0,Fail! Try next round.; 
943,bt,data/registration_bt_H21M46S46_LG_K550.csv,data/verification_bt_H21M54S15_LG_K550.csv,9/14/2017,0,Fail! Try next round.; 
944,bt,data/registration_bt_H21M46S46_LG_K550.csv,data/verification_bt_H21M55S45_LG_K550.csv,9/14/2017,0,Fail! Enter code.;Code: 72220
1412,builder,data/registration_builder_H4M10S46_SAMSUNG_SM_J320A.csv,data/verification_builder_H4M14S18_SAMSUNG_SM_J320A.csv,9/17/2017,1,Pass! Try next round.; 
1413,builder,data/registration_builder_H4M10S46_SAMSUNG_SM_J320A.csv,data/verification_builder_H4M16S35_SAMSUNG_SM_J320A.csv,9/17/2017,1,Pass! Try next round.; 
1414,builder,data/registration_builder_H4M10S46_SAMSUNG_SM_J320A.csv,data/verification_builder_H4M18S14_SAMSUNG_SM_J320A.csv,9/17/2017,1,Pass! Try next round.; 
1416,builder,data/registration_builder_H4M10S46_SAMSUNG_SM_J320A.csv,data/verification_builder_H4M19S26_SAMSUNG_SM_J320A.csv,9/17/2017,1,Pass! Try next round.; 
1418,builder,data/registration_builder_H4M10S46_SAMSUNG_SM_J320A.csv,data/verification_builder_H4M20S24_SAMSUNG_SM_J320A.csv,9/17/2017,1,Pass! Enter code.;Code: 21506
1139,bunny,data/registration_bunny_H11M25S25_SM_G900V.csv,data/verification_bunny_H11M29S18_SM_G900V.csv,9/15/2017,1,Pass! Try next round.; 
1141,bunny,data/registration_bunny_H11M25S25_SM_G900V.csv,data/verification_bunny_H11M31S57_SM_G900V.csv,9/15/2017,0,Fail! Try next round.; 
1599,bunny,data/registration_bunny_H11M25S25_SM_G900V.csv,data/verification_bunny_H18M26S32_SM_G900V.csv,9/19/2017,1,Pass! Try next round.; 
1600,bunny,data/registration_bunny_H11M25S25_SM_G900V.csv,data/verification_bunny_H18M28S32_SM_G900V.csv,9/19/2017,1,Pass! Try next round.; 
1601,bunny,data/registration_bunny_H11M25S25_SM_G900V.csv,data/verification_bunny_H18M30S23_SM_G900V.csv,9/19/2017,0,Fail! Enter code.;Code: 61064
1377,Casey,data/registration_Casey_H18M36S46_SM_G935V.csv,data/verification_Casey_H18M46S43_SM_G935V.csv,9/16/2017,1,Pass! Try next round.; 
1378,Casey,data/registration_Casey_H18M36S46_SM_G935V.csv,data/verification_Casey_H18M48S56_SM_G935V.csv,9/16/2017,1,Pass! Try next round.; 
1379,Casey,data/registration_Casey_H18M36S46_SM_G935V.csv,data/verification_Casey_H18M51S9_SM_G935V.csv,9/16/2017,1,Pass! Enter code.;Code: 97343
1080,chakku,data/registration_chakku_H17M33S21_ELUGA_I2_Activ.csv,data/verification_chakku_H17M40S1_ELUGA_I2_Activ.csv,9/15/2017,1,Pass! Try next round.; 
1081,chakku,data/registration_chakku_H17M33S21_ELUGA_I2_Activ.csv,data/verification_chakku_H17M42S37_ELUGA_I2_Activ.csv,9/15/2017,1,Pass! Try next round.; 
1082,chakku,data/registration_chakku_H17M33S21_ELUGA_I2_Activ.csv,data/verification_chakku_H17M44S8_ELUGA_I2_Activ.csv,9/15/2017,1,Pass! Try next round.; 
1083,chakku,data/registration_chakku_H17M33S21_ELUGA_I2_Activ.csv,data/verification_chakku_H17M46S41_ELUGA_I2_Activ.csv,9/15/2017,1,Pass! Try next round.; 
1084,chakku,data/registration_chakku_H17M33S21_ELUGA_I2_Activ.csv,data/verification_chakku_H17M48S28_ELUGA_I2_Activ.csv,9/15/2017,1,Pass! Enter code.;Code: 68498
1090,chrissy,data/registration_chrissy_H7M34S10_LG_H872.csv,data/verification_chrissy_H7M39S35_LG_H872.csv,9/15/2017,1,Pass! Try next round.; 
1093,chrissy,data/registration_chrissy_H7M34S10_LG_H872.csv,data/verification_chrissy_H7M44S4_LG_H872.csv,9/15/2017,1,Pass! Try next round.; 
1094,chrissy,data/registration_chrissy_H7M34S10_LG_H872.csv,data/verification_chrissy_H7M46S19_LG_H872.csv,9/15/2017,1,Pass! Try next round.; 
1095,chrissy,data/registration_chrissy_H7M34S10_LG_H872.csv,data/verification_chrissy_H7M48S23_LG_H872.csv,9/15/2017,1,Pass! Try next round.; 
1096,chrissy,data/registration_chrissy_H7M34S10_LG_H872.csv,data/verification_chrissy_H7M50S9_LG_H872.csv,9/15/2017,1,Pass! Enter code.;Code: 79967
1370,CirclePro,data/registration_CirclePro_H14M14S54_SM_G930T.csv,data/verification_CirclePro_H14M19S24_SM_G930T.csv,9/16/2017,1,Pass! Try next round.; 
1371,CirclePro,data/registration_CirclePro_H14M14S54_SM_G930T.csv,data/verification_CirclePro_H14M20S55_SM_G930T.csv,9/16/2017,1,Pass! Try next round.; 
1372,CirclePro,data/registration_CirclePro_H14M14S54_SM_G930T.csv,data/verification_CirclePro_H14M22S22_SM_G930T.csv,9/16/2017,1,Pass! Try next round.; 
1373,CirclePro,data/registration_CirclePro_H14M14S54_SM_G930T.csv,data/verification_CirclePro_H14M23S49_SM_G930T.csv,9/16/2017,1,Pass! Try next round.; 
1374,CirclePro,data/registration_CirclePro_H14M14S54_SM_G930T.csv,data/verification_CirclePro_H14M25S28_SM_G930T.csv,9/16/2017,1,Pass! Enter code.;Code: 63582
906,cnl5609,data/registration_cnl5609_H19M29S19_SM_G935U.csv,data/verification_cnl5609_H19M33S28_SM_G935U.csv,9/14/2017,1,Pass! Try next round.; 
907,cnl5609,data/registration_cnl5609_H19M29S19_SM_G935U.csv,data/verification_cnl5609_H19M36S9_SM_G935U.csv,9/14/2017,0,Fail! Try next round.; 
908,cnl5609,data/registration_cnl5609_H19M29S19_SM_G935U.csv,data/verification_cnl5609_H19M38S2_SM_G935U.csv,9/14/2017,0,Fail! Try next round.; 
909,cnl5609,data/registration_cnl5609_H19M29S19_SM_G935U.csv,data/verification_cnl5609_H19M39S40_SM_G935U.csv,9/14/2017,0,Fail! Try next round.; 
911,cnl5609,data/registration_cnl5609_H19M29S19_SM_G935U.csv,data/verification_cnl5609_H19M41S5_SM_G935U.csv,9/14/2017,0,Fail! Enter code.;Code: 35562
1048,Coggle,data/registration_Coggle_H4M16S39_SM_G900V.csv,data/verification_Coggle_H4M20S36_SM_G900V.csv,9/15/2017,1,Pass! Try next round.; 
1049,Coggle,data/registration_Coggle_H4M16S39_SM_G900V.csv,data/verification_Coggle_H4M23S9_SM_G900V.csv,9/15/2017,1,Pass! Try next round.; 
1050,Coggle,data/registration_Coggle_H4M16S39_SM_G900V.csv,data/verification_Coggle_H4M25S39_SM_G900V.csv,9/15/2017,1,Pass! Try next round.; 
1051,Coggle,data/registration_Coggle_H4M16S39_SM_G900V.csv,data/verification_Coggle_H4M27S41_SM_G900V.csv,9/15/2017,1,Pass! Try next round.; 
1052,Coggle,data/registration_Coggle_H4M16S39_SM_G900V.csv,data/verification_Coggle_H4M29S51_SM_G900V.csv,9/15/2017,1,Pass! Enter code.;Code: 28281
884,cookers1,data/registration_cookers1_H18M35S25_SM_G900T.csv,data/verification_cookers1_H18M39S13_SM_G900T.csv,9/14/2017,0,Fail! Try next round.; 
885,cookers1,data/registration_cookers1_H18M35S25_SM_G900T.csv,data/verification_cookers1_H18M40S52_SM_G900T.csv,9/14/2017,1,Pass! Try next round.; 
886,cookers1,data/registration_cookers1_H18M35S25_SM_G900T.csv,data/verification_cookers1_H18M42S36_SM_G900T.csv,9/14/2017,0,Fail! Try next round.; 
887,cookers1,data/registration_cookers1_H18M35S25_SM_G900T.csv,data/verification_cookers1_H18M44S14_SM_G900T.csv,9/14/2017,1,Pass! Try next round.; 
888,cookers1,data/registration_cookers1_H18M35S25_SM_G900T.csv,data/verification_cookers1_H18M45S35_SM_G900T.csv,9/14/2017,0,Fail! Enter code.;Code: 60735
1504,COPIEDA5H767UHFV6JC,data/registration_COPIEDA5H767UHFV6JC_H19M4S53_SM_G930T.csv,data/verification_COPIEDA5H767UHFV6JC_H19M9S1_SM_G930T.csv,9/17/2017,1,Pass! Try next round.; 
1505,COPIEDA5H767UHFV6JC,data/registration_COPIEDA5H767UHFV6JC_H19M4S53_SM_G930T.csv,data/verification_COPIEDA5H767UHFV6JC_H19M11S41_SM_G930T.csv,9/17/2017,1,Pass! Try next round.; 
1506,COPIEDA5H767UHFV6JC,data/registration_COPIEDA5H767UHFV6JC_H19M4S53_SM_G930T.csv,data/verification_COPIEDA5H767UHFV6JC_H19M12S59_SM_G930T.csv,9/17/2017,1,Pass! Try next round.; 
1507,COPIEDA5H767UHFV6JC,data/registration_COPIEDA5H767UHFV6JC_H19M4S53_SM_G930T.csv,data/verification_COPIEDA5H767UHFV6JC_H19M14S12_SM_G930T.csv,9/17/2017,1,Pass! Try next round.; 
1509,COPIEDA5H767UHFV6JC,data/registration_COPIEDA5H767UHFV6JC_H19M4S53_SM_G930T.csv,data/verification_COPIEDA5H767UHFV6JC_H19M15S41_SM_G930T.csv,9/17/2017,1,Pass! Enter code.;Code: 59484
1391,dacram,data/registration_dacram_H9M13S59_LenovoA7000_a.csv,data/verification_dacram_H9M17S28_LenovoA7000_a.csv,9/16/2017,1,Pass! Try next round.; 
1394,dacram,data/registration_dacram_H9M13S59_LenovoA7000_a.csv,data/verification_dacram_H9M19S53_LenovoA7000_a.csv,9/16/2017,1,Pass! Try next round.; 
1396,dacram,data/registration_dacram_H9M13S59_LenovoA7000_a.csv,data/verification_dacram_H9M23S24_LenovoA7000_a.csv,9/16/2017,1,Pass! Try next round.; 
1398,dacram,data/registration_dacram_H9M13S59_LenovoA7000_a.csv,data/verification_dacram_H9M25S35_LenovoA7000_a.csv,9/16/2017,1,Pass! Try next round.; 
1399,dacram,data/registration_dacram_H9M13S59_LenovoA7000_a.csv,data/verification_dacram_H9M27S29_LenovoA7000_a.csv,9/16/2017,1,Pass! Enter code.;Code: 71117
1007,Daniel,data/registration_Daniel_H23M13S4_LG_LS777.csv,data/verification_Daniel_H23M15S33_LG_LS777.csv,9/14/2017,1,Pass! Try next round.; 
1009,Daniel,data/registration_Daniel_H23M13S4_LG_LS777.csv,data/verification_Daniel_H23M17S15_LG_LS777.csv,9/14/2017,1,Pass! Try next round.; 
1010,Daniel,data/registration_Daniel_H23M13S4_LG_LS777.csv,data/verification_Daniel_H23M18S59_LG_LS777.csv,9/14/2017,1,Pass! Try next round.; 
1012,Daniel,data/registration_Daniel_H23M13S4_LG_LS777.csv,data/verification_Daniel_H23M20S18_LG_LS777.csv,9/14/2017,1,Pass! Try next round.; 
1014,Daniel,data/registration_Daniel_H23M13S4_LG_LS777.csv,data/verification_Daniel_H23M21S42_LG_LS777.csv,9/14/2017,0,Fail! Enter code.;Code: 15172
1415,Daniel123,data/registration_Daniel123_H11M15S49_ASUS_Z00AD.csv,data/verification_Daniel123_H11M18S12_ASUS_Z00AD.csv,9/17/2017,1,Pass! Try next round.; 
1417,Daniel123,data/registration_Daniel123_H11M15S49_ASUS_Z00AD.csv,data/verification_Daniel123_H11M19S48_ASUS_Z00AD.csv,9/17/2017,1,Pass! Try next round.; 
1419,Daniel123,data/registration_Daniel123_H11M15S49_ASUS_Z00AD.csv,data/verification_Daniel123_H11M21S6_ASUS_Z00AD.csv,9/17/2017,0,Fail! Try next round.; 
1420,Daniel123,data/registration_Daniel123_H11M15S49_ASUS_Z00AD.csv,data/verification_Daniel123_H11M22S39_ASUS_Z00AD.csv,9/17/2017,0,Fail! Try next round.; 
1421,Daniel123,data/registration_Daniel123_H11M15S49_ASUS_Z00AD.csv,data/verification_Daniel123_H11M23S53_ASUS_Z00AD.csv,9/17/2017,0,Fail! Enter code.;Code: 58274
860,Dax,data/registration_Dax_H18M12S0_SM_G928V.csv,data/verification_Dax_H18M15S28_SM_G928V.csv,9/14/2017,1,Pass! Try next round.; 
861,Dax,data/registration_Dax_H18M12S0_SM_G928V.csv,data/verification_Dax_H18M17S38_SM_G928V.csv,9/14/2017,1,Pass! Try next round.; 
863,Dax,data/registration_Dax_H18M12S0_SM_G928V.csv,data/verification_Dax_H18M19S14_SM_G928V.csv,9/14/2017,1,Pass! Try next round.; 
864,Dax,data/registration_Dax_H18M12S0_SM_G928V.csv,data/verification_Dax_H18M20S52_SM_G928V.csv,9/14/2017,1,Pass! Try next round.; 
866,Dax,data/registration_Dax_H18M12S0_SM_G928V.csv,data/verification_Dax_H18M22S34_SM_G928V.csv,9/14/2017,1,Pass! Enter code.;Code: 37017
1337,decoy,data/registration_decoy_H13M47S52_SM_G955U.csv,data/verification_decoy_H13M50S11_SM_G955U.csv,9/16/2017,1,Pass! Try next round.; 
1338,decoy,data/registration_decoy_H13M47S52_SM_G955U.csv,data/verification_decoy_H13M51S45_SM_G955U.csv,9/16/2017,1,Pass! Try next round.; 
1340,decoy,data/registration_decoy_H13M47S52_SM_G955U.csv,data/verification_decoy_H13M53S0_SM_G955U.csv,9/16/2017,1,Pass! Try next round.; 
1341,decoy,data/registration_decoy_H13M47S52_SM_G955U.csv,data/verification_decoy_H13M54S3_SM_G955U.csv,9/16/2017,1,Pass! Try next round.; 
1342,decoy,data/registration_decoy_H13M47S52_SM_G955U.csv,data/verification_decoy_H13M55S51_SM_G955U.csv,9/16/2017,1,Pass! Enter code.;Code: 97913
1104,dimple,data/registration_dimple_H9M13S18_2PQ93.csv,data/verification_dimple_H9M25S3_2PQ93.csv,9/15/2017,1,Pass! Try next round.; 
1119,dimple,data/registration_dimple_H9M13S18_2PQ93.csv,data/verification_dimple_H9M51S29_2PQ93.csv,9/15/2017,1,Pass! Try next round.; 
1120,dimple,data/registration_dimple_H9M13S18_2PQ93.csv,data/verification_dimple_H9M53S9_2PQ93.csv,9/15/2017,1,Pass! Try next round.; 
1122,dimple,data/registration_dimple_H9M13S18_2PQ93.csv,data/verification_dimple_H9M55S8_2PQ93.csv,9/15/2017,1,Pass! Try next round.; 
1123,dimple,data/registration_dimple_H9M13S18_2PQ93.csv,data/verification_dimple_H9M56S53_2PQ93.csv,9/15/2017,1,Pass! Enter code.;Code: 52062
1128,dimple,data/registration_dimple_H9M13S18_2PQ93.csv,data/verification_dimple_H9M58S50_2PQ93.csv,9/15/2017,1,No more try please!; 
1129,dimple,data/registration_dimple_H9M13S18_2PQ93.csv,data/verification_dimple_H10M8S23_2PQ93.csv,9/15/2017,1,No more try please!; 
1167,DocNEMS,data/registration_DocNEMS_H9M27S8_ONEPLUSA3000.csv,data/verification_DocNEMS_H9M31S37_ONEPLUSA3000.csv,9/15/2017,1,Pass! Try next round.; 
1170,DocNEMS,data/registration_DocNEMS_H9M27S8_ONEPLUSA3000.csv,data/verification_DocNEMS_H9M33S59_ONEPLUSA3000.csv,9/15/2017,1,Pass! Try next round.; 
1181,DocNEMS,data/registration_DocNEMS_H9M27S8_ONEPLUSA3000.csv,data/verification_DocNEMS_H9M46S42_ONEPLUSA3000.csv,9/15/2017,1,Pass! Try next round.; 
1581,DocNEMS,data/registration_DocNEMS_H9M27S8_ONEPLUSA3000.csv,data/verification_DocNEMS_H21M30S24_ONEPLUSA3000.csv,9/18/2017,1,Pass! Try next round.; 
1582,DocNEMS,data/registration_DocNEMS_H9M27S8_ONEPLUSA3000.csv,data/verification_DocNEMS_H21M32S29_ONEPLUSA3000.csv,9/18/2017,1,Pass! Enter code.;Code: 53601
883,dreddlord,data/registration_dreddlord_H7M29S51_RedmiNote4.csv,data/verification_dreddlord_H7M33S38_RedmiNote4.csv,9/14/2017,1,Pass! Try next round.; 
889,dreddlord,data/registration_dreddlord_H7M29S51_RedmiNote4.csv,data/verification_dreddlord_H7M35S15_RedmiNote4.csv,9/14/2017,1,Pass! Try next round.; 
890,dreddlord,data/registration_dreddlord_H7M29S51_RedmiNote4.csv,data/verification_dreddlord_H7M49S51_RedmiNote4.csv,9/14/2017,1,Pass! Try next round.; 
896,dreddlord,data/registration_dreddlord_H7M29S51_RedmiNote4.csv,data/verification_dreddlord_H8M0S6_RedmiNote4.csv,9/14/2017,1,Pass! Try next round.; 
897,dreddlord,data/registration_dreddlord_H7M29S51_RedmiNote4.csv,data/verification_dreddlord_H8M1S21_RedmiNote4.csv,9/14/2017,1,Pass! Enter code.;Code: 21105
1295,Eisenyx,data/registration_Eisenyx_H15M37S37_HTCDesireEYE.csv,data/verification_Eisenyx_H15M40S37_HTCDesireEYE.csv,9/16/2017,1,Pass! Try next round.; 
1296,Eisenyx,data/registration_Eisenyx_H15M37S37_HTCDesireEYE.csv,data/verification_Eisenyx_H15M43S18_HTCDesireEYE.csv,9/16/2017,1,Pass! Try next round.; 
1297,Eisenyx,data/registration_Eisenyx_H15M37S37_HTCDesireEYE.csv,data/verification_Eisenyx_H15M45S23_HTCDesireEYE.csv,9/16/2017,1,Pass! Try next round.; 
1244,Elamado,data/registration_Elamado_H2M49S3_ASUS_Z00AD.csv,data/verification_Elamado_H2M51S41_ASUS_Z00AD.csv,9/15/2017,1,Pass! Try next round.; 
1245,Elamado,data/registration_Elamado_H2M49S3_ASUS_Z00AD.csv,data/verification_Elamado_H2M53S44_ASUS_Z00AD.csv,9/15/2017,1,Pass! Try next round.; 
1246,Elamado,data/registration_Elamado_H2M49S3_ASUS_Z00AD.csv,data/verification_Elamado_H2M55S34_ASUS_Z00AD.csv,9/15/2017,1,Pass! Try next round.; 
1247,Elamado,data/registration_Elamado_H2M49S3_ASUS_Z00AD.csv,data/verification_Elamado_H2M56S45_ASUS_Z00AD.csv,9/15/2017,1,Pass! Try next round.; 
1248,Elamado,data/registration_Elamado_H2M49S3_ASUS_Z00AD.csv,data/verification_Elamado_H2M58S6_ASUS_Z00AD.csv,9/15/2017,1,Pass! Enter code.;Code: 90758
1242,Elamadox,data/registration_Elamadox_H2M36S50_ASUS_Z00AD.csv,data/verification_Elamadox_H2M40S30_ASUS_Z00AD.csv,9/15/2017,1,Pass! Try next round.; 
1243,Elamadox,data/registration_Elamadox_H2M36S50_ASUS_Z00AD.csv,data/verification_Elamadox_H2M43S31_ASUS_Z00AD.csv,9/15/2017,1,Pass! Try next round.; 
1400,froggymo,data/registration_froggymo_H22M57S56_SM_S320VL.csv,data/verification_froggymo_H23M2S32_SM_S320VL.csv,9/16/2017,1,Pass! Try next round.; 
1401,froggymo,data/registration_froggymo_H22M57S56_SM_S320VL.csv,data/verification_froggymo_H23M4S45_SM_S320VL.csv,9/16/2017,1,Pass! Try next round.; 
1402,froggymo,data/registration_froggymo_H22M57S56_SM_S320VL.csv,data/verification_froggymo_H23M6S44_SM_S320VL.csv,9/16/2017,1,Pass! Try next round.; 
1403,froggymo,data/registration_froggymo_H22M57S56_SM_S320VL.csv,data/verification_froggymo_H23M8S37_SM_S320VL.csv,9/16/2017,1,Pass! Try next round.; 
1404,froggymo,data/registration_froggymo_H22M57S56_SM_S320VL.csv,data/verification_froggymo_H23M10S3_SM_S320VL.csv,9/16/2017,1,Pass! Enter code.;Code: 81264
665,fuzzy,data/registration_fuzzy_H13M5S21_ASUS_Z00AD.csv,data/verification_fuzzy_H13M8S15_ASUS_Z00AD.csv,9/14/2017,1,Pass! Try next round.; 
670,fuzzy,data/registration_fuzzy_H13M5S21_ASUS_Z00AD.csv,data/verification_fuzzy_H13M10S13_ASUS_Z00AD.csv,9/14/2017,1,Pass! Try next round.; 
676,fuzzy,data/registration_fuzzy_H13M5S21_ASUS_Z00AD.csv,data/verification_fuzzy_H13M11S22_ASUS_Z00AD.csv,9/14/2017,0,Fail! Try next round.; 
680,fuzzy,data/registration_fuzzy_H13M5S21_ASUS_Z00AD.csv,data/verification_fuzzy_H13M12S29_ASUS_Z00AD.csv,9/14/2017,1,Pass! Try next round.; 
687,fuzzy,data/registration_fuzzy_H13M5S21_ASUS_Z00AD.csv,data/verification_fuzzy_H13M13S39_ASUS_Z00AD.csv,9/14/2017,1,Pass! Enter code.;Code: 53718
923,gracecar,data/registration_gracecar_H20M12S21_Pixel.csv,data/verification_gracecar_H20M14S42_Pixel.csv,9/14/2017,1,Pass! Try next round.; 
924,gracecar,data/registration_gracecar_H20M12S21_Pixel.csv,data/verification_gracecar_H20M16S24_Pixel.csv,9/14/2017,1,Pass! Try next round.; 
925,gracecar,data/registration_gracecar_H20M12S21_Pixel.csv,data/verification_gracecar_H20M17S36_Pixel.csv,9/14/2017,1,Pass! Try next round.; 
926,gracecar,data/registration_gracecar_H20M12S21_Pixel.csv,data/verification_gracecar_H20M19S5_Pixel.csv,9/14/2017,1,Pass! Try next round.; 
927,gracecar,data/registration_gracecar_H20M12S21_Pixel.csv,data/verification_gracecar_H20M19S56_Pixel.csv,9/14/2017,1,Pass! Enter code.;Code: 78244
785,hailey,data/registration_hailey_H16M10S1_SAMSUNG_SM_G930A.csv,data/verification_hailey_H16M13S37_SAMSUNG_SM_G930A.csv,9/14/2017,1,Pass! Try next round.; 
787,hailey,data/registration_hailey_H16M10S1_SAMSUNG_SM_G930A.csv,data/verification_hailey_H16M16S2_SAMSUNG_SM_G930A.csv,9/14/2017,1,Pass! Try next round.; 
788,hailey,data/registration_hailey_H16M10S1_SAMSUNG_SM_G930A.csv,data/verification_hailey_H16M17S39_SAMSUNG_SM_G930A.csv,9/14/2017,1,Pass! Try next round.; 
789,hailey,data/registration_hailey_H16M10S1_SAMSUNG_SM_G930A.csv,data/verification_hailey_H16M19S5_SAMSUNG_SM_G930A.csv,9/14/2017,1,Pass! Try next round.; 
790,hailey,data/registration_hailey_H16M10S1_SAMSUNG_SM_G930A.csv,data/verification_hailey_H16M20S27_SAMSUNG_SM_G930A.csv,9/14/2017,1,Pass! Enter code.;Code: 19261
1435,Hans,data/registration_Hans_H6M36S21_XT1254.csv,data/verification_Hans_H6M54S15_XT1254.csv,9/17/2017,1,Pass! Try next round.; 
1436,Hans,data/registration_Hans_H6M36S21_XT1254.csv,data/verification_Hans_H6M57S57_XT1254.csv,9/17/2017,1,Pass! Try next round.; 
1437,Hans,data/registration_Hans_H6M36S21_XT1254.csv,data/verification_Hans_H7M1S49_XT1254.csv,9/17/2017,1,Pass! Try next round.; 
1438,Hans,data/registration_Hans_H6M36S21_XT1254.csv,data/verification_Hans_H7M5S28_XT1254.csv,9/17/2017,1,Pass! Try next round.; 
1439,Hans,data/registration_Hans_H6M36S21_XT1254.csv,data/verification_Hans_H7M8S40_XT1254.csv,9/17/2017,1,Pass! Enter code.;Code: 67205
968,hari,data/registration_hari_H7M54S44_2014818.csv,data/verification_hari_H7M58S2_2014818.csv,9/14/2017,1,Pass! Try next round.; 
971,hari,data/registration_hari_H7M54S44_2014818.csv,data/verification_hari_H8M0S30_2014818.csv,9/14/2017,1,Pass! Try next round.; 
972,hari,data/registration_hari_H7M54S44_2014818.csv,data/verification_hari_H8M2S13_2014818.csv,9/14/2017,1,Pass! Try next round.; 
973,hari,data/registration_hari_H7M54S44_2014818.csv,data/verification_hari_H8M5S30_2014818.csv,9/14/2017,1,Pass! Try next round.; 
974,hari,data/registration_hari_H7M54S44_2014818.csv,data/verification_hari_H8M6S59_2014818.csv,9/14/2017,1,Pass! Enter code.;Code: 57834
1158,Harsh,data/registration_Harsh_H21M46S42_Redmi3S.csv,data/verification_Harsh_H21M49S29_Redmi3S.csv,9/15/2017,1,Pass! Try next round.; 
1159,Harsh,data/registration_Harsh_H21M46S42_Redmi3S.csv,data/verification_Harsh_H21M51S22_Redmi3S.csv,9/15/2017,1,Pass! Try next round.; 
1162,Harsh,data/registration_Harsh_H21M46S42_Redmi3S.csv,data/verification_Harsh_H21M53S7_Redmi3S.csv,9/15/2017,1,Pass! Try next round.; 
1164,Harsh,data/registration_Harsh_H21M46S42_Redmi3S.csv,data/verification_Harsh_H21M54S36_Redmi3S.csv,9/15/2017,1,Pass! Try next round.; 
1165,Harsh,data/registration_Harsh_H21M46S42_Redmi3S.csv,data/verification_Harsh_H21M56S54_Redmi3S.csv,9/15/2017,1,Pass! Enter code.;Code: 34567
1336,hayley9191,data/registration_hayley9191_H11M45S28_SAMSUNG_SM_N910A.csv,data/verification_hayley9191_H11M48S53_SAMSUNG_SM_N910A.csv,9/16/2017,1,Pass! Try next round.; 
1339,hayley9191,data/registration_hayley9191_H11M45S28_SAMSUNG_SM_N910A.csv,data/verification_hayley9191_H11M51S34_SAMSUNG_SM_N910A.csv,9/16/2017,1,Pass! Try next round.; 
1566,hayley9191,data/registration_hayley9191_H11M45S28_SAMSUNG_SM_N910A.csv,data/verification_hayley9191_H19M18S41_SAMSUNG_SM_N910A.csv,9/18/2017,0,Fail! Try next round.; 
1567,hayley9191,data/registration_hayley9191_H11M45S28_SAMSUNG_SM_N910A.csv,data/verification_hayley9191_H19M19S50_SAMSUNG_SM_N910A.csv,9/18/2017,0,Fail! Try next round.; 
1568,hayley9191,data/registration_hayley9191_H11M45S28_SAMSUNG_SM_N910A.csv,data/verification_hayley9191_H19M20S59_SAMSUNG_SM_N910A.csv,9/18/2017,0,Fail! Enter code.;Code: 61248
1571,hayley9191,data/registration_hayley9191_H11M45S28_SAMSUNG_SM_N910A.csv,data/verification_hayley9191_H19M28S54_SAMSUNG_SM_N910A.csv,9/18/2017,1,No more try please!; 
1573,hayley9191,data/registration_hayley9191_H11M45S28_SAMSUNG_SM_N910A.csv,data/verification_hayley9191_H19M30S9_SAMSUNG_SM_N910A.csv,9/18/2017,0,No more try please!; 
1130,highzenith,data/registration_highzenith_H9M20S8_SM_G935V.csv,data/verification_highzenith_H9M23S26_SM_G935V.csv,9/15/2017,1,Pass! Try next round.; 
1131,highzenith,data/registration_highzenith_H9M20S8_SM_G935V.csv,data/verification_highzenith_H9M25S7_SM_G935V.csv,9/15/2017,1,Pass! Try next round.; 
1132,highzenith,data/registration_highzenith_H9M20S8_SM_G935V.csv,data/verification_highzenith_H9M26S48_SM_G935V.csv,9/15/2017,1,Pass! Try next round.; 
1133,highzenith,data/registration_highzenith_H9M20S8_SM_G935V.csv,data/verification_highzenith_H9M28S20_SM_G935V.csv,9/15/2017,1,Pass! Try next round.; 
1134,highzenith,data/registration_highzenith_H9M20S8_SM_G935V.csv,data/verification_highzenith_H9M30S4_SM_G935V.csv,9/15/2017,1,Pass! Enter code.;Code: 21540
1135,Ian,data/registration_Ian_H16M17S37_VodafoneSmartultra6.csv,data/verification_Ian_H16M21S52_VodafoneSmartultra6.csv,9/15/2017,1,Pass! Try next round.; 
1136,Ian,data/registration_Ian_H16M17S37_VodafoneSmartultra6.csv,data/verification_Ian_H16M26S20_VodafoneSmartultra6.csv,9/15/2017,1,Pass! Try next round.; 
1137,Ian,data/registration_Ian_H16M17S37_VodafoneSmartultra6.csv,data/verification_Ian_H16M28S20_VodafoneSmartultra6.csv,9/15/2017,1,Pass! Try next round.; 
1140,Ian,data/registration_Ian_H16M17S37_VodafoneSmartultra6.csv,data/verification_Ian_H16M30S23_VodafoneSmartultra6.csv,9/15/2017,1,Pass! Try next round.; 
1143,Ian,data/registration_Ian_H16M17S37_VodafoneSmartultra6.csv,data/verification_Ian_H16M32S39_VodafoneSmartultra6.csv,9/15/2017,1,Pass! Enter code.;Code: 90920
1160,ibittyDan,data/registration_ibittyDan_H17M17S1_LG_D802.csv,data/verification_ibittyDan_H17M21S37_LG_D802.csv,9/15/2017,1,Pass! Try next round.; 
1163,ibittyDan,data/registration_ibittyDan_H17M17S1_LG_D802.csv,data/verification_ibittyDan_H17M24S29_LG_D802.csv,9/15/2017,1,Pass! Try next round.; 
1186,ibittyDan,data/registration_ibittyDan_H17M17S1_LG_D802.csv,data/verification_ibittyDan_H17M54S47_LG_D802.csv,9/15/2017,1,Pass! Try next round.; 
1187,ibittyDan,data/registration_ibittyDan_H17M17S1_LG_D802.csv,data/verification_ibittyDan_H17M56S24_LG_D802.csv,9/15/2017,1,Pass! Try next round.; 
1188,ibittyDan,data/registration_ibittyDan_H17M17S1_LG_D802.csv,data/verification_ibittyDan_H17M58S8_LG_D802.csv,9/15/2017,1,Pass! Enter code.;Code: 18636
898,Igna,data/registration_Igna_H17M10S32_VS986.csv,data/verification_Igna_H17M13S18_VS986.csv,9/14/2017,0,Fail! Try next round.; 
899,Igna,data/registration_Igna_H17M10S32_VS986.csv,data/verification_Igna_H17M15S37_VS986.csv,9/14/2017,0,Fail! Try next round.; 
900,Igna,data/registration_Igna_H17M10S32_VS986.csv,data/verification_Igna_H17M17S15_VS986.csv,9/14/2017,0,Fail! Try next round.; 
901,Igna,data/registration_Igna_H17M10S32_VS986.csv,data/verification_Igna_H17M18S44_VS986.csv,9/14/2017,0,Fail! Try next round.; 
902,Igna,data/registration_Igna_H17M10S32_VS986.csv,data/verification_Igna_H17M21S4_VS986.csv,9/14/2017,1,Pass! Enter code.;Code: 49648
1316,illy,data/registration_illy_H10M39S20_LGLS991.csv,data/verification_illy_H10M42S29_LGLS991.csv,9/16/2017,1,Pass! Try next round.; 
1317,illy,data/registration_illy_H10M39S20_LGLS991.csv,data/verification_illy_H10M45S23_LGLS991.csv,9/16/2017,1,Pass! Try next round.; 
1320,illy,data/registration_illy_H10M39S20_LGLS991.csv,data/verification_illy_H10M49S25_LGLS991.csv,9/16/2017,1,Pass! Try next round.; 
1321,illy,data/registration_illy_H10M39S20_LGLS991.csv,data/verification_illy_H10M52S20_LGLS991.csv,9/16/2017,1,Pass! Try next round.; 
1322,illy,data/registration_illy_H10M39S20_LGLS991.csv,data/verification_illy_H10M54S33_LGLS991.csv,9/16/2017,1,Pass! Enter code.;Code: 87482
1323,illy,data/registration_illy_H10M39S20_LGLS991.csv,data/verification_illy_H10M55S57_LGLS991.csv,9/16/2017,1,No more try please!; 
639,indika,data/registration_indika_H10M53S4_SM_J320V.csv,data/verification_indika_H10M56S16_SM_J320V.csv,9/14/2017,1,Pass! Try next round.; 
641,Indika,data/registration_indika_H10M53S4_SM_J320V.csv,data/verification_Indika_H10M57S46_SM_J320V.csv,9/14/2017,1,Pass! Try next round.; 
647,indika,data/registration_indika_H10M53S4_SM_J320V.csv,data/verification_indika_H10M59S3_SM_J320V.csv,9/14/2017,1,Pass! Try next round.; 
650,indika,data/registration_indika_H10M53S4_SM_J320V.csv,data/verification_indika_H11M2S37_SM_J320V.csv,9/14/2017,1,Pass! Try next round.; 
656,indika,data/registration_indika_H10M53S4_SM_J320V.csv,data/verification_indika_H11M3S46_SM_J320V.csv,9/14/2017,1,Pass! Enter code.;Code: 24126
1594,indreesh,data/registration_indreesh_H11M45S32_Nexus6.csv,data/verification_indreesh_H11M48S51_Nexus6.csv,9/19/2017,1,Pass! Try next round.; 
1595,indreesh,data/registration_indreesh_H11M45S32_Nexus6.csv,data/verification_indreesh_H13M9S11_Nexus6.csv,9/19/2017,0,Fail! Try next round.; 
1596,indreesh,data/registration_indreesh_H11M45S32_Nexus6.csv,data/verification_indreesh_H13M11S37_Nexus6.csv,9/19/2017,0,Fail! Try next round.; 
1597,indreesh,data/registration_indreesh_H11M45S32_Nexus6.csv,data/verification_indreesh_H13M13S37_Nexus6.csv,9/19/2017,0,Fail! Try next round.; 
1598,indreesh,data/registration_indreesh_H11M45S32_Nexus6.csv,data/verification_indreesh_H13M15S26_Nexus6.csv,9/19/2017,0,Fail! Enter code.;Code: 44396
849,jjzay,data/registration_jjzay_H16M26S49_SM_S320VL.csv,data/verification_jjzay_H16M29S32_SM_S320VL.csv,9/14/2017,1,Pass! Try next round.; 
851,jjzay,data/registration_jjzay_H16M26S49_SM_S320VL.csv,data/verification_jjzay_H16M30S59_SM_S320VL.csv,9/14/2017,1,Pass! Try next round.; 
852,jjzay,data/registration_jjzay_H16M26S49_SM_S320VL.csv,data/verification_jjzay_H16M32S29_SM_S320VL.csv,9/14/2017,1,Pass! Try next round.; 
853,jjzay,data/registration_jjzay_H16M26S49_SM_S320VL.csv,data/verification_jjzay_H16M33S49_SM_S320VL.csv,9/14/2017,1,Pass! Try next round.; 
855,jjzay,data/registration_jjzay_H16M26S49_SM_S320VL.csv,data/verification_jjzay_H16M35S16_SM_S320VL.csv,9/14/2017,1,Pass! Enter code.;Code: 96420
848,jm,data/registration_jm_H16M25S29_SM_G930V.csv,data/verification_jm_H16M28S29_SM_G930V.csv,9/14/2017,1,Pass! Try next round.; 
912,johannasmom,data/registration_johannasmom_H19M41S15_LGL64VL.csv,data/verification_johannasmom_H19M44S10_LGL64VL.csv,9/14/2017,1,Pass! Try next round.; 
914,johannasmom,data/registration_johannasmom_H19M41S15_LGL64VL.csv,data/verification_johannasmom_H19M45S51_LGL64VL.csv,9/14/2017,1,Pass! Try next round.; 
915,johannasmom,data/registration_johannasmom_H19M41S15_LGL64VL.csv,data/verification_johannasmom_H19M47S10_LGL64VL.csv,9/14/2017,1,Pass! Try next round.; 
916,johannasmom,data/registration_johannasmom_H19M41S15_LGL64VL.csv,data/verification_johannasmom_H19M48S21_LGL64VL.csv,9/14/2017,1,Pass! Try next round.; 
917,johannasmom,data/registration_johannasmom_H19M41S15_LGL64VL.csv,data/verification_johannasmom_H19M49S25_LGL64VL.csv,9/14/2017,1,Pass! Enter code.;Code: 51316
797,john,data/registration_john_H15M26S43_SM_G950U1.csv,data/verification_john_H15M29S24_SM_G950U1.csv,9/14/2017,1,Pass! Try next round.; 
801,john,data/registration_john_H15M26S43_SM_G950U1.csv,data/verification_john_H15M30S47_SM_G950U1.csv,9/14/2017,1,Pass! Try next round.; 
803,john,data/registration_john_H15M26S43_SM_G950U1.csv,data/verification_john_H15M32S11_SM_G950U1.csv,9/14/2017,1,Pass! Try next round.; 
806,john,data/registration_john_H15M26S43_SM_G950U1.csv,data/verification_john_H15M33S35_SM_G950U1.csv,9/14/2017,1,Pass! Try next round.; 
807,john,data/registration_john_H15M26S43_SM_G950U1.csv,data/verification_john_H15M34S53_SM_G950U1.csv,9/14/2017,1,Pass! Enter code.;Code: 73829
983,john,data/registration_john_H15M26S43_SM_G950U1.csv,data/verification_john_H8M41S9_Redmi3S.csv,9/14/2017,1,No more try please!; 
682,jojo,data/registration_jojo_H23M35S28_Mi4i.csv,data/verification_jojo_H23M41S36_Mi4i.csv,9/14/2017,1,Pass! Try next round.; 
690,jojo,data/registration_jojo_H23M35S28_Mi4i.csv,data/verification_jojo_H23M44S9_Mi4i.csv,9/14/2017,1,Pass! Try next round.; 
695,jojo,data/registration_jojo_H23M35S28_Mi4i.csv,data/verification_jojo_H23M46S19_Mi4i.csv,9/14/2017,1,Pass! Try next round.; 
699,jojo,data/registration_jojo_H23M35S28_Mi4i.csv,data/verification_jojo_H23M48S25_Mi4i.csv,9/14/2017,1,Pass! Try next round.; 
702,jojo,data/registration_jojo_H23M35S28_Mi4i.csv,data/verification_jojo_H23M50S26_Mi4i.csv,9/14/2017,1,Pass! Enter code.;Code: 11259
1064,kaliluv562,data/registration_kaliluv562_H5M50S30_LGMS210.csv,data/verification_kaliluv562_H5M53S43_LGMS210.csv,9/15/2017,1,Pass! Try next round.; 
1065,kaliluv562,data/registration_kaliluv562_H5M50S30_LGMS210.csv,data/verification_kaliluv562_H5M55S19_LGMS210.csv,9/15/2017,1,Pass! Try next round.; 
1066,kaliluv562,data/registration_kaliluv562_H5M50S30_LGMS210.csv,data/verification_kaliluv562_H5M58S48_LGMS210.csv,9/15/2017,1,Pass! Try next round.; 
1067,Kaliluv562,data/registration_kaliluv562_H5M50S30_LGMS210.csv,data/verification_Kaliluv562_H6M0S32_LGMS210.csv,9/15/2017,1,Pass! Try next round.; 
1068,kaliluv562,data/registration_kaliluv562_H5M50S30_LGMS210.csv,data/verification_kaliluv562_H6M6S1_LGMS210.csv,9/15/2017,1,Pass! Enter code.;Code: 81044
985,karthik,data/registration_karthik_H8M42S50_Redmi3S.csv,data/verification_karthik_H8M45S38_Redmi3S.csv,9/14/2017,1,Pass! Try next round.; 
987,karthik,data/registration_karthik_H8M42S50_Redmi3S.csv,data/verification_karthik_H8M50S14_Redmi3S.csv,9/14/2017,1,Pass! Try next round.; 
1308,khajamoin77,data/registration_khajamoin77_H18M47S5_LeX526.csv,data/verification_khajamoin77_H18M50S51_LeX526.csv,9/16/2017,1,Pass! Try next round.; 
1309,khajamoin77,data/registration_khajamoin77_H18M47S5_LeX526.csv,data/verification_khajamoin77_H18M53S52_LeX526.csv,9/16/2017,1,Pass! Try next round.; 
1310,khajamoin77,data/registration_khajamoin77_H18M47S5_LeX526.csv,data/verification_khajamoin77_H18M55S16_LeX526.csv,9/16/2017,1,Pass! Try next round.; 
1311,khajamoin77,data/registration_khajamoin77_H18M47S5_LeX526.csv,data/verification_khajamoin77_H18M56S57_LeX526.csv,9/16/2017,1,Pass! Try next round.; 
1312,khajamoin77,data/registration_khajamoin77_H18M47S5_LeX526.csv,data/verification_khajamoin77_H18M58S9_LeX526.csv,9/16/2017,1,Pass! Enter code.;Code: 87226
1313,khajamoin77,data/registration_khajamoin77_H18M47S5_LeX526.csv,data/verification_khajamoin77_H18M59S28_LeX526.csv,9/16/2017,1,No more try please!; 
1314,khajamoin77,data/registration_khajamoin77_H18M47S5_LeX526.csv,data/verification_khajamoin77_H19M0S42_LeX526.csv,9/16/2017,1,No more try please!; 
742,klyde,data/registration_klyde_H14M1S56_SM_N900V.csv,data/verification_klyde_H14M6S45_SM_N900V.csv,9/14/2017,1,Pass! Try next round.; 
760,klyde,data/registration_klyde_H14M1S56_SM_N900V.csv,data/verification_klyde_H14M18S59_SM_N900V.csv,9/14/2017,1,Pass! Try next round.; 
644,kmm,data/registration_kmm_H13M58S4_0PM92.csv,data/verification_kmm_H13M59S57_0PM92.csv,9/14/2017,1,Pass! Try next round.; 
686,kmm,data/registration_kmm_H13M58S4_0PM92.csv,data/verification_kmm_H14M13S10_0PM92.csv,9/14/2017,1,Pass! Try next round.; 
689,kmm,data/registration_kmm_H13M58S4_0PM92.csv,data/verification_kmm_H14M14S32_0PM92.csv,9/14/2017,0,Fail! Try next round.; 
693,kmm,data/registration_kmm_H13M58S4_0PM92.csv,data/verification_kmm_H14M15S53_0PM92.csv,9/14/2017,1,Pass! Try next round.; 
696,kmm,data/registration_kmm_H13M58S4_0PM92.csv,data/verification_kmm_H14M18S5_0PM92.csv,9/14/2017,1,Pass! Enter code.;Code: 23368
918,knmr,data/registration_knmr_H6M19S44_RedmiNote3.csv,data/verification_knmr_H6M23S30_RedmiNote3.csv,9/14/2017,1,Pass! Try next round.; 
919,knmr,data/registration_knmr_H6M19S44_RedmiNote3.csv,data/verification_knmr_H6M26S0_RedmiNote3.csv,9/14/2017,1,Pass! Try next round.; 
920,knmr,data/registration_knmr_H6M19S44_RedmiNote3.csv,data/verification_knmr_H6M28S10_RedmiNote3.csv,9/14/2017,1,Pass! Try next round.; 
921,knmr,data/registration_knmr_H6M19S44_RedmiNote3.csv,data/verification_knmr_H6M29S56_RedmiNote3.csv,9/14/2017,1,Pass! Try next round.; 
922,knmr,data/registration_knmr_H6M19S44_RedmiNote3.csv,data/verification_knmr_H6M32S22_RedmiNote3.csv,9/14/2017,1,Pass! Enter code.;Code: 86812
737,kotanikinya,data/registration_kotanikinya_H13M58S35_VS986.csv,data/verification_kotanikinya_H14M3S1_VS986.csv,9/14/2017,1,Pass! Try next round.; 
739,kotanikinya,data/registration_kotanikinya_H13M58S35_VS986.csv,data/verification_kotanikinya_H14M6S16_VS986.csv,9/14/2017,1,Pass! Try next round.; 
745,kotanikinya,data/registration_kotanikinya_H13M58S35_VS986.csv,data/verification_kotanikinya_H14M8S23_VS986.csv,9/14/2017,1,Pass! Try next round.; 
751,kotanikinya,data/registration_kotanikinya_H13M58S35_VS986.csv,data/verification_kotanikinya_H14M12S33_VS986.csv,9/14/2017,1,Pass! Try next round.; 
755,kotanikinya,data/registration_kotanikinya_H13M58S35_VS986.csv,data/verification_kotanikinya_H14M14S16_VS986.csv,9/14/2017,1,Pass! Enter code.;Code: 91089
1034,krishnas,data/registration_krishnas_H12M13S58_RedmiNote4.csv,data/verification_krishnas_H12M18S2_RedmiNote4.csv,9/15/2017,1,Pass! Try next round.; 
1546,krystaj,data/registration_krystaj_H20M55S2_R1HD.csv,data/verification_krystaj_H20M57S15_R1HD.csv,9/18/2017,1,Pass! Try next round.; 
1547,krystaj,data/registration_krystaj_H20M55S2_R1HD.csv,data/verification_krystaj_H20M58S53_R1HD.csv,9/18/2017,1,Pass! Try next round.; 
1554,Krystaj,data/registration_krystaj_H20M55S2_R1HD.csv,data/verification_Krystaj_H21M25S44_R1HD.csv,9/18/2017,1,Pass! Try next round.; 
1556,Krystaj,data/registration_krystaj_H20M55S2_R1HD.csv,data/verification_Krystaj_H21M27S8_R1HD.csv,9/18/2017,1,Pass! Try next round.; 
1557,Krystaj,data/registration_krystaj_H20M55S2_R1HD.csv,data/verification_Krystaj_H21M28S30_R1HD.csv,9/18/2017,1,Pass! Enter code.;Code: 87917
910,kumar,data/registration_Kumar_H6M5S41_RedmiNote3.csv,data/verification_kumar_H6M9S18_RedmiNote3.csv,9/14/2017,1,Pass! Try next round.; 
913,kumar,data/registration_Kumar_H6M5S41_RedmiNote3.csv,data/verification_kumar_H6M13S45_RedmiNote3.csv,9/14/2017,1,Pass! Try next round.; 
1477,kurikuri,data/registration_kurikuri_H11M41S18_LG_K540.csv,data/verification_kurikuri_H11M44S10_LG_K540.csv,9/17/2017,1,Pass! Try next round.; 
1478,kurikuri,data/registration_kurikuri_H11M41S18_LG_K540.csv,data/verification_kurikuri_H11M48S5_LG_K540.csv,9/17/2017,0,Fail! Try next round.; 
1479,kurikuri,data/registration_kurikuri_H11M41S18_LG_K540.csv,data/verification_kurikuri_H11M50S54_LG_K540.csv,9/17/2017,1,Pass! Try next round.; 
1480,kurikuri,data/registration_kurikuri_H11M41S18_LG_K540.csv,data/verification_kurikuri_H11M52S40_LG_K540.csv,9/17/2017,1,Pass! Try next round.; 
1481,kurikuri,data/registration_kurikuri_H11M41S18_LG_K540.csv,data/verification_kurikuri_H11M54S27_LG_K540.csv,9/17/2017,0,Fail! Enter code.;Code: 54761
1360,kyo,data/registration_kyo_H13M42S27_SM_N910V.csv,data/verification_kyo_H13M50S47_SM_N910V.csv,9/16/2017,1,Pass! Try next round.; 
1363,kyo,data/registration_kyo_H13M42S27_SM_N910V.csv,data/verification_kyo_H13M56S39_SM_N910V.csv,9/16/2017,1,Pass! Try next round.; 
1366,kyo,data/registration_kyo_H13M42S27_SM_N910V.csv,data/verification_kyo_H14M0S55_SM_N910V.csv,9/16/2017,1,Pass! Try next round.; 
1368,kyo,data/registration_kyo_H13M42S27_SM_N910V.csv,data/verification_kyo_H14M3S25_SM_N910V.csv,9/16/2017,1,Pass! Try next round.; 
1369,kyo,data/registration_kyo_H13M42S27_SM_N910V.csv,data/verification_kyo_H14M6S21_SM_N910V.csv,9/16/2017,1,Pass! Enter code.;Code: 92245
1463,lalyn,data/registration_lalyn_H9M57S54_SM_G930V.csv,data/verification_lalyn_H10M2S3_SM_G930V.csv,9/17/2017,0,Fail! Try next round.; 
1464,lalyn,data/registration_lalyn_H9M57S54_SM_G930V.csv,data/verification_lalyn_H10M4S22_SM_G930V.csv,9/17/2017,1,Pass! Try next round.; 
1465,lalyn,data/registration_lalyn_H9M57S54_SM_G930V.csv,data/verification_lalyn_H10M5S47_SM_G930V.csv,9/17/2017,1,Pass! Try next round.; 
1466,lalyn,data/registration_lalyn_H9M57S54_SM_G930V.csv,data/verification_lalyn_H10M7S39_SM_G930V.csv,9/17/2017,1,Pass! Try next round.; 
1467,lalyn,data/registration_lalyn_H9M57S54_SM_G930V.csv,data/verification_lalyn_H10M9S3_SM_G930V.csv,9/17/2017,1,Pass! Enter code.;Code: 44556
1468,lalyn,data/registration_lalyn_H9M57S54_SM_G930V.csv,data/verification_lalyn_H10M10S13_SM_G930V.csv,9/17/2017,1,No more try please!; 
1201,lambchop522,data/registration_lambchop522_H15M45S19_SAMSUNG_SGH_I337.csv,data/verification_lambchop522_H15M48S36_SAMSUNG_SGH_I337.csv,9/15/2017,1,Pass! Try next round.; 
1203,lambchop522,data/registration_lambchop522_H15M45S19_SAMSUNG_SGH_I337.csv,data/verification_lambchop522_H15M50S30_SAMSUNG_SGH_I337.csv,9/15/2017,1,Pass! Try next round.; 
1205,lambchop522,data/registration_lambchop522_H15M45S19_SAMSUNG_SGH_I337.csv,data/verification_lambchop522_H15M52S35_SAMSUNG_SGH_I337.csv,9/15/2017,1,Pass! Try next round.; 
1206,lambchop522,data/registration_lambchop522_H15M45S19_SAMSUNG_SGH_I337.csv,data/verification_lambchop522_H15M54S7_SAMSUNG_SGH_I337.csv,9/15/2017,1,Pass! Try next round.; 
1208,lambchop522,data/registration_lambchop522_H15M45S19_SAMSUNG_SGH_I337.csv,data/verification_lambchop522_H15M55S49_SAMSUNG_SGH_I337.csv,9/15/2017,1,Pass! Enter code.;Code: 52969
1210,lambchop522,data/registration_lambchop522_H15M45S19_SAMSUNG_SGH_I337.csv,data/verification_lambchop522_H15M57S17_SAMSUNG_SGH_I337.csv,9/15/2017,1,No more try please!; 
1212,lambchop522,data/registration_lambchop522_H15M45S19_SAMSUNG_SGH_I337.csv,data/verification_lambchop522_H15M59S36_SAMSUNG_SGH_I337.csv,9/15/2017,1,No more try please!; 
1213,lambchop522,data/registration_lambchop522_H15M45S19_SAMSUNG_SGH_I337.csv,data/verification_lambchop522_H16M1S6_SAMSUNG_SGH_I337.csv,9/15/2017,1,No more try please!; 
611,Maahi,data/registration_Maahi_H23M13S16_LG_K535.csv,data/verification_Maahi_H23M16S29_LG_K535.csv,9/14/2017,1,Pass! Try next round.; 
625,Maahi,data/registration_Maahi_H23M13S16_LG_K535.csv,data/verification_Maahi_H23M20S39_LG_K535.csv,9/14/2017,0,Fail! Try next round.; 
633,Maahi,data/registration_Maahi_H23M13S16_LG_K535.csv,data/verification_Maahi_H23M23S31_LG_K535.csv,9/14/2017,1,Pass! Try next round.; 
637,Maahi,data/registration_Maahi_H23M13S16_LG_K535.csv,data/verification_Maahi_H23M25S29_LG_K535.csv,9/14/2017,1,Pass! Try next round.; 
640,Maahi,data/registration_Maahi_H23M13S16_LG_K535.csv,data/verification_Maahi_H23M27S10_LG_K535.csv,9/14/2017,1,Pass! Enter code.;Code: 10816
1020,mackey519,data/registration_mackey519_H1M13S39_LGMS210.csv,data/verification_mackey519_H1M16S25_LGMS210.csv,9/15/2017,1,Pass! Try next round.; 
1024,mackey519,data/registration_mackey519_H1M13S39_LGMS210.csv,data/verification_mackey519_H1M20S6_LGMS210.csv,9/15/2017,1,Pass! Try next round.; 
1026,mackey519,data/registration_mackey519_H1M13S39_LGMS210.csv,data/verification_mackey519_H1M21S53_LGMS210.csv,9/15/2017,1,Pass! Try next round.; 
1029,mackey519,data/registration_mackey519_H1M13S39_LGMS210.csv,data/verification_mackey519_H1M23S40_LGMS210.csv,9/15/2017,1,Pass! Try next round.; 
1030,mackey519,data/registration_mackey519_H1M13S39_LGMS210.csv,data/verification_mackey519_H1M24S47_LGMS210.csv,9/15/2017,1,Pass! Enter code.;Code: 42019
748,manas,data/registration_manas_H0M37S31_X17.csv,data/verification_manas_H0M40S36_X17.csv,9/14/2017,1,Pass! Try next round.; 
754,manas,data/registration_manas_H0M37S31_X17.csv,data/verification_manas_H0M43S50_X17.csv,9/14/2017,1,Pass! Try next round.; 
758,manas,data/registration_manas_H0M37S31_X17.csv,data/verification_manas_H0M46S33_X17.csv,9/14/2017,1,Pass! Try next round.; 
759,manas,data/registration_manas_H0M37S31_X17.csv,data/verification_manas_H0M48S8_X17.csv,9/14/2017,1,Pass! Enter code.;Code: 82592
1262,Manoj,data/registration_Manoj_H10M47S26_LenovoA6020a40.csv,data/verification_Manoj_H10M51S38_LenovoA6020a40.csv,9/15/2017,1,Pass! Try next round.; 
1263,Manoj,data/registration_Manoj_H10M47S26_LenovoA6020a40.csv,data/verification_Manoj_H10M54S12_LenovoA6020a40.csv,9/15/2017,1,Pass! Try next round.; 
1264,Manoj,data/registration_Manoj_H10M47S26_LenovoA6020a40.csv,data/verification_Manoj_H11M19S9_LenovoA6020a40.csv,9/15/2017,0,Fail! Try next round.; 
1265,Manoj,data/registration_Manoj_H10M47S26_LenovoA6020a40.csv,data/verification_Manoj_H11M21S10_LenovoA6020a40.csv,9/15/2017,0,Fail! Try next round.; 
1266,Manoj,data/registration_Manoj_H10M47S26_LenovoA6020a40.csv,data/verification_Manoj_H11M23S42_LenovoA6020a40.csv,9/15/2017,0,Fail! Enter code.;Code: 95863
1271,Marion,data/registration_Marion_H9M37S8_PRA_LX1.csv,data/verification_Marion_H9M39S49_PRA_LX1.csv,9/16/2017,1,Pass! Try next round.; 
1272,Marion,data/registration_Marion_H9M37S8_PRA_LX1.csv,data/verification_Marion_H9M43S5_PRA_LX1.csv,9/16/2017,1,Pass! Try next round.; 
1196,max9419,data/registration_max9419_H15M25S11_SM_G950W.csv,data/verification_max9419_H15M28S34_SM_G950W.csv,9/15/2017,1,Pass! Try next round.; 
1197,max9419,data/registration_max9419_H15M25S11_SM_G950W.csv,data/verification_max9419_H15M32S35_SM_G950W.csv,9/15/2017,1,Pass! Try next round.; 
1198,max9419,data/registration_max9419_H15M25S11_SM_G950W.csv,data/verification_max9419_H15M34S5_SM_G950W.csv,9/15/2017,0,Fail! Try next round.; 
1199,max9419,data/registration_max9419_H15M25S11_SM_G950W.csv,data/verification_max9419_H15M35S37_SM_G950W.csv,9/15/2017,0,Fail! Try next round.; 
1200,max9419,data/registration_max9419_H15M25S11_SM_G950W.csv,data/verification_max9419_H15M37S16_SM_G950W.csv,9/15/2017,0,Fail! Enter code.;Code: 26307
1089,Meeep,data/registration_Meeep_H8M35S30_ASUS_Z01BDC.csv,data/verification_Meeep_H8M37S7_ASUS_Z01BDC.csv,9/15/2017,1,Pass! Try next round.; 
1091,Meep,data/registration_Meep_H8M39S37_ASUS_Z01BDC.csv,data/verification_Meep_H8M41S17_ASUS_Z01BDC.csv,9/15/2017,1,Pass! Try next round.; 
1526,Meowmix,data/registration_Meowmix_H20M0S49_SM_G930P.csv,data/verification_Meowmix_H20M4S38_SM_G930P.csv,9/17/2017,1,Pass! Try next round.; 
1527,Meowmix,data/registration_Meowmix_H20M0S49_SM_G930P.csv,data/verification_Meowmix_H20M7S31_SM_G930P.csv,9/17/2017,1,Pass! Try next round.; 
1530,Meowmix,data/registration_Meowmix_H20M0S49_SM_G930P.csv,data/verification_Meowmix_H20M9S15_SM_G930P.csv,9/17/2017,1,Pass! Try next round.; 
1531,Meowmix,data/registration_Meowmix_H20M0S49_SM_G930P.csv,data/verification_Meowmix_H20M10S45_SM_G930P.csv,9/17/2017,1,Pass! Try next round.; 
1532,Meowmix,data/registration_Meowmix_H20M0S49_SM_G930P.csv,data/verification_Meowmix_H20M11S54_SM_G930P.csv,9/17/2017,1,Pass! Enter code.;Code: 73466
1087,Mep,data/registration_Mep_H8M26S8_ASUS_Z01BDC.csv,data/verification_Mep_H8M28S43_ASUS_Z01BDC.csv,9/15/2017,1,Pass! Try next round.; 
1088,MEP,data/registration_Mep_H8M26S8_ASUS_Z01BDC.csv,data/verification_MEP_H8M31S44_ASUS_Z01BDC.csv,9/15/2017,1,Pass! Try next round.; 
1019,mirror,data/registration_mirror_H11M37S55_Z1.csv,data/verification_mirror_H11M43S7_Z1.csv,9/15/2017,1,Pass! Try next round.; 
1021,mirror,data/registration_mirror_H11M37S55_Z1.csv,data/verification_mirror_H11M45S14_Z1.csv,9/15/2017,1,Pass! Try next round.; 
1022,mirror,data/registration_mirror_H11M37S55_Z1.csv,data/verification_mirror_H11M46S53_Z1.csv,9/15/2017,1,Pass! Try next round.; 
1025,mirror,data/registration_mirror_H11M37S55_Z1.csv,data/verification_mirror_H11M48S35_Z1.csv,9/15/2017,1,Pass! Try next round.; 
1027,mirror,data/registration_mirror_H11M37S55_Z1.csv,data/verification_mirror_H11M50S35_Z1.csv,9/15/2017,1,Pass! Enter code.;Code: 40587
1005,mm,data/registration_mm_H10M39S31_LeX821.csv,data/verification_mm_H10M42S58_LeX821.csv,9/14/2017,1,Pass! Try next round.; 
1006,mm,data/registration_mm_H10M39S31_LeX821.csv,data/verification_mm_H10M44S43_LeX821.csv,9/14/2017,1,Pass! Try next round.; 
1008,mm,data/registration_mm_H10M39S31_LeX821.csv,data/verification_mm_H10M46S49_LeX821.csv,9/14/2017,1,Pass! Try next round.; 
1011,mm,data/registration_mm_H10M39S31_LeX821.csv,data/verification_mm_H10M48S42_LeX821.csv,9/14/2017,1,Pass! Try next round.; 
1013,mm,data/registration_mm_H10M39S31_LeX821.csv,data/verification_mm_H10M50S33_LeX821.csv,9/14/2017,1,Pass! Enter code.;Code: 61594
891,moedawg,data/registration_moedawg_H17M48S51_LG_H631.csv,data/verification_moedawg_H17M51S28_LG_H631.csv,9/14/2017,1,Pass! Try next round.; 
892,moedawg,data/registration_moedawg_H17M48S51_LG_H631.csv,data/verification_moedawg_H17M53S27_LG_H631.csv,9/14/2017,1,Pass! Try next round.; 
893,moedawg,data/registration_moedawg_H17M48S51_LG_H631.csv,data/verification_moedawg_H17M54S49_LG_H631.csv,9/14/2017,1,Pass! Try next round.; 
894,moedawg,data/registration_moedawg_H17M48S51_LG_H631.csv,data/verification_moedawg_H17M55S56_LG_H631.csv,9/14/2017,1,Pass! Try next round.; 
895,moedawg,data/registration_moedawg_H17M48S51_LG_H631.csv,data/verification_moedawg_H17M57S16_LG_H631.csv,9/14/2017,1,Pass! Enter code.;Code: 43165
819,morenov,data/registration_morenov_H16M36S38_SM_G900V.csv,data/verification_morenov_H16M41S36_SM_G900V.csv,9/14/2017,0,Fail! Try next round.; 
822,morenov,data/registration_morenov_H16M36S38_SM_G900V.csv,data/verification_morenov_H16M43S58_SM_G900V.csv,9/14/2017,0,Fail! Try next round.; 
825,morenov,data/registration_morenov_H16M36S38_SM_G900V.csv,data/verification_morenov_H16M46S2_SM_G900V.csv,9/14/2017,0,Fail! Try next round.; 
828,morenov,data/registration_morenov_H16M36S38_SM_G900V.csv,data/verification_morenov_H16M47S20_SM_G900V.csv,9/14/2017,0,Fail! Try next round.; 
830,morenov,data/registration_morenov_H16M36S38_SM_G900V.csv,data/verification_morenov_H16M49S9_SM_G900V.csv,9/14/2017,1,Pass! Enter code.;Code: 54080
1075,mp,data/registration_mp_H17M18S25_XT1706.csv,data/verification_mp_H17M24S31_XT1706.csv,9/15/2017,1,Pass! Try next round.; 
1076,mp,data/registration_mp_H17M18S25_XT1706.csv,data/verification_mp_H17M27S45_XT1706.csv,9/15/2017,1,Pass! Try next round.; 
1077,mp,data/registration_mp_H17M18S25_XT1706.csv,data/verification_mp_H17M29S44_XT1706.csv,9/15/2017,1,Pass! Try next round.; 
1078,mp,data/registration_mp_H17M18S25_XT1706.csv,data/verification_mp_H17M34S42_XT1706.csv,9/15/2017,1,Pass! Try next round.; 
1079,mp,data/registration_mp_H17M18S25_XT1706.csv,data/verification_mp_H17M36S23_XT1706.csv,9/15/2017,1,Pass! Enter code.;Code: 32264
1493,Mturker,data/registration_Mturker_H16M10S25_SM_G930P.csv,data/verification_Mturker_H16M13S14_SM_G930P.csv,9/17/2017,1,Pass! Try next round.; 
1494,Mturker,data/registration_Mturker_H16M10S25_SM_G930P.csv,data/verification_Mturker_H16M15S16_SM_G930P.csv,9/17/2017,1,Pass! Try next round.; 
1495,Mturker,data/registration_Mturker_H16M10S25_SM_G930P.csv,data/verification_Mturker_H16M16S27_SM_G930P.csv,9/17/2017,0,Fail! Try next round.; 
1496,Mturker,data/registration_Mturker_H16M10S25_SM_G930P.csv,data/verification_Mturker_H16M17S36_SM_G930P.csv,9/17/2017,0,Fail! Try next round.; 
1497,Mturker,data/registration_Mturker_H16M10S25_SM_G930P.csv,data/verification_Mturker_H16M19S6_SM_G930P.csv,9/17/2017,0,Fail! Enter code.;Code: 68397
1517,Mustang,data/registration_Mustang_H18M23S6_SM_G955U.csv,data/verification_Mustang_H18M26S17_SM_G955U.csv,9/17/2017,1,Pass! Try next round.; 
1519,Mustang,data/registration_Mustang_H18M23S6_SM_G955U.csv,data/verification_Mustang_H18M28S3_SM_G955U.csv,9/17/2017,1,Pass! Try next round.; 
1521,Mustang,data/registration_Mustang_H18M23S6_SM_G955U.csv,data/verification_Mustang_H18M29S41_SM_G955U.csv,9/17/2017,1,Pass! Try next round.; 
1524,Mustang,data/registration_Mustang_H18M23S6_SM_G955U.csv,data/verification_Mustang_H18M31S14_SM_G955U.csv,9/17/2017,1,Pass! Try next round.; 
1525,Mustang,data/registration_Mustang_H18M23S6_SM_G955U.csv,data/verification_Mustang_H18M32S53_SM_G955U.csv,9/17/2017,1,Pass! Enter code.;Code: 27024
658,Nadine,data/registration_Nadine_H11M2S28_VS987.csv,data/verification_Nadine_H11M5S16_VS987.csv,9/14/2017,1,Pass! Try next round.; 
674,Nadine,data/registration_Nadine_H11M2S28_VS987.csv,data/verification_Nadine_H11M10S5_VS987.csv,9/14/2017,1,Pass! Try next round.; 
1485,Natasha,data/registration_Natasha_H14M55S44_Z981.csv,data/verification_Natasha_H15M1S36_Z981.csv,9/17/2017,1,Pass! Try next round.; 
1486,Natasha,data/registration_Natasha_H14M55S44_Z981.csv,data/verification_Natasha_H15M5S7_Z981.csv,9/17/2017,1,Pass! Try next round.; 
1487,Natasha,data/registration_Natasha_H14M55S44_Z981.csv,data/verification_Natasha_H15M9S28_Z981.csv,9/17/2017,1,Pass! Try next round.; 
1488,Natasha,data/registration_Natasha_H14M55S44_Z981.csv,data/verification_Natasha_H15M14S0_Z981.csv,9/17/2017,1,Pass! Try next round.; 
1489,Natasha,data/registration_Natasha_H14M55S44_Z981.csv,data/verification_Natasha_H15M20S59_Z981.csv,9/17/2017,1,Pass! Enter code.;Code: 88415
1166,nate,data/registration_nate_H12M25S35_SAMSUNG_SM_N910A.csv,data/verification_nate_H12M29S23_SAMSUNG_SM_N910A.csv,9/15/2017,0,Fail! Try next round.; 
1168,nate,data/registration_nate_H12M25S35_SAMSUNG_SM_N910A.csv,data/verification_nate_H12M31S25_SAMSUNG_SM_N910A.csv,9/15/2017,1,Pass! Try next round.; 
1169,nate,data/registration_nate_H12M25S35_SAMSUNG_SM_N910A.csv,data/verification_nate_H12M33S46_SAMSUNG_SM_N910A.csv,9/15/2017,0,Fail! Try next round.; 
1171,nate,data/registration_nate_H12M25S35_SAMSUNG_SM_N910A.csv,data/verification_nate_H12M34S58_SAMSUNG_SM_N910A.csv,9/15/2017,0,Fail! Try next round.; 
1172,nate,data/registration_nate_H12M25S35_SAMSUNG_SM_N910A.csv,data/verification_nate_H12M36S22_SAMSUNG_SM_N910A.csv,9/15/2017,0,Fail! Enter code.;Code: 49936
1173,nate,data/registration_nate_H12M25S35_SAMSUNG_SM_N910A.csv,data/verification_nate_H12M37S39_SAMSUNG_SM_N910A.csv,9/15/2017,0,No more try please!; 
1174,nate,data/registration_nate_H12M25S35_SAMSUNG_SM_N910A.csv,data/verification_nate_H12M40S19_SAMSUNG_SM_N910A.csv,9/15/2017,0,No more try please!; 
1176,nate,data/registration_nate_H12M25S35_SAMSUNG_SM_N910A.csv,data/verification_nate_H12M43S8_SAMSUNG_SM_N910A.csv,9/15/2017,0,No more try please!; 
652,petersb,data/registration_petersb_H13M57S20_XT1650.csv,data/verification_petersb_H14M1S36_XT1650.csv,9/14/2017,1,Pass! Try next round.; 
657,petersb,data/registration_petersb_H13M57S20_XT1650.csv,data/verification_petersb_H14M5S6_XT1650.csv,9/14/2017,1,Pass! Try next round.; 
661,petersb,data/registration_petersb_H13M57S20_XT1650.csv,data/verification_petersb_H14M6S44_XT1650.csv,9/14/2017,1,Pass! Try next round.; 
672,petersb,data/registration_petersb_H13M57S20_XT1650.csv,data/verification_petersb_H14M8S28_XT1650.csv,9/14/2017,1,Pass! Try next round.; 
679,petersb,data/registration_petersb_H13M57S20_XT1650.csv,data/verification_petersb_H14M11S40_XT1650.csv,9/14/2017,1,Pass! Enter code.;Code: 29360
870,pillower,data/registration_pillower_H18M27S12_R1HD.csv,data/verification_pillower_H18M30S35_R1HD.csv,9/14/2017,1,Pass! Try next round.; 
871,pillower,data/registration_pillower_H18M27S12_R1HD.csv,data/verification_pillower_H18M32S52_R1HD.csv,9/14/2017,1,Pass! Try next round.; 
872,pillower,data/registration_pillower_H18M27S12_R1HD.csv,data/verification_pillower_H18M34S49_R1HD.csv,9/14/2017,1,Pass! Try next round.; 
873,pillower,data/registration_pillower_H18M27S12_R1HD.csv,data/verification_pillower_H18M36S45_R1HD.csv,9/14/2017,1,Pass! Try next round.; 
874,pillower,data/registration_pillower_H18M27S12_R1HD.csv,data/verification_pillower_H18M38S35_R1HD.csv,9/14/2017,1,Pass! Enter code.;Code: 19562
992,pinkeggpotato,data/registration_pinkeggpotato_H23M14S11_KIW_L24.csv,data/verification_pinkeggpotato_H23M29S26_KIW_L24.csv,9/14/2017,1,No more try please!; 
1099,prabu89,data/registration_prabu89_H18M38S15_LenovoA7020a48.csv,data/verification_prabu89_H18M42S4_LenovoA7020a48.csv,9/15/2017,1,Pass! Try next round.; 
1100,prabu89,data/registration_prabu89_H18M38S15_LenovoA7020a48.csv,data/verification_prabu89_H18M45S30_LenovoA7020a48.csv,9/15/2017,1,Pass! Try next round.; 
1101,prabu89,data/registration_prabu89_H18M38S15_LenovoA7020a48.csv,data/verification_prabu89_H18M47S2_LenovoA7020a48.csv,9/15/2017,0,Fail! Try next round.; 
1102,prabu89,data/registration_prabu89_H18M38S15_LenovoA7020a48.csv,data/verification_prabu89_H18M53S29_LenovoA7020a48.csv,9/15/2017,1,Pass! Try next round.; 
1103,prabu89,data/registration_prabu89_H18M38S15_LenovoA7020a48.csv,data/verification_prabu89_H18M55S14_LenovoA7020a48.csv,9/15/2017,1,Pass! Enter code.;Code: 46045
713,pseudo,data/registration_pseudo_H23M55S16_MotoG3.csv,data/verification_pseudo_H23M59S51_MotoG3.csv,9/14/2017,1,Pass! Try next round.; 
716,pseudo,data/registration_pseudo_H23M55S16_MotoG3.csv,data/verification_pseudo_H0M3S33_MotoG3.csv,9/14/2017,1,Pass! Try next round.; 
725,pseudo,data/registration_pseudo_H23M55S16_MotoG3.csv,data/verification_pseudo_H0M12S33_MotoG3.csv,9/14/2017,1,Pass! Try next round.; 
727,pseudo,data/registration_pseudo_H23M55S16_MotoG3.csv,data/verification_pseudo_H0M14S16_MotoG3.csv,9/14/2017,1,Pass! Try next round.; 
729,pseudo,data/registration_pseudo_H23M55S16_MotoG3.csv,data/verification_pseudo_H0M15S55_MotoG3.csv,9/14/2017,1,Pass! Enter code.;Code: 45133
1072,rafat,data/registration_rafat_H17M16S34_SM_G610F.csv,data/verification_rafat_H17M19S12_SM_G610F.csv,9/15/2017,1,Pass! Try next round.; 
1073,rafat,data/registration_rafat_H17M16S34_SM_G610F.csv,data/verification_rafat_H17M22S23_SM_G610F.csv,9/15/2017,1,Pass! Try next round.; 
1074,rafat,data/registration_rafat_H17M16S34_SM_G610F.csv,data/verification_rafat_H17M23S35_SM_G610F.csv,9/15/2017,1,Pass! Try next round.; 
1318,rafeek,data/registration_rafeek_H20M10S9_LenovoK33a42.csv,data/verification_rafeek_H20M15S1_LenovoK33a42.csv,9/16/2017,1,Pass! Try next round.; 
1319,rafeek,data/registration_rafeek_H20M10S9_LenovoK33a42.csv,data/verification_rafeek_H20M20S5_LenovoK33a42.csv,9/16/2017,0,Fail! Try next round.; 
1324,rafeek,data/registration_rafeek_H20M10S9_LenovoK33a42.csv,data/verification_rafeek_H20M25S48_LenovoK33a42.csv,9/16/2017,0,Fail! Try next round.; 
1273,rahul,data/registration_rahul_H14M29S54_A37fw.csv,data/verification_rahul_H14M32S31_A37fw.csv,9/16/2017,1,Pass! Try next round.; 
1274,rahul,data/registration_rahul_H14M29S54_A37fw.csv,data/verification_rahul_H14M34S34_A37fw.csv,9/16/2017,1,Pass! Try next round.; 
1275,rahul,data/registration_rahul_H14M29S54_A37fw.csv,data/verification_rahul_H14M39S31_A37fw.csv,9/16/2017,1,Pass! Try next round.; 
1276,rahul,data/registration_rahul_H14M29S54_A37fw.csv,data/verification_rahul_H14M41S19_A37fw.csv,9/16/2017,1,Pass! Try next round.; 
1277,rahul,data/registration_rahul_H14M29S54_A37fw.csv,data/verification_rahul_H14M42S40_A37fw.csv,9/16/2017,1,Pass! Enter code.;Code: 33063
937,randy,data/registration_randy_H7M12S42_Mi4i.csv,data/verification_randy_H7M16S0_Mi4i.csv,9/14/2017,1,Pass! Try next round.; 
939,randy,data/registration_randy_H7M12S42_Mi4i.csv,data/verification_randy_H7M18S3_Mi4i.csv,9/14/2017,1,Pass! Try next round.; 
813,rattieoo,data/registration_rattieoo_H14M35S52_LGMS210.csv,data/verification_rattieoo_H14M38S52_LGMS210.csv,9/14/2017,1,Pass! Try next round.; 
823,rattieoo,data/registration_rattieoo_H14M35S52_LGMS210.csv,data/verification_rattieoo_H14M43S29_LGMS210.csv,9/14/2017,1,Pass! Try next round.; 
626,ravisingh,data/registration_ravisingh_H23M17S28_831C.csv,data/verification_ravisingh_H23M16S37_831C.csv,9/14/2017,1,Pass! Try next round.; 
635,ravisingh,data/registration_ravisingh_H23M17S28_831C.csv,data/verification_ravisingh_H23M23S54_831C.csv,9/14/2017,1,Pass! Try next round.; 
645,ravisingh,data/registration_ravisingh_H23M17S28_831C.csv,data/verification_ravisingh_H23M30S2_831C.csv,9/14/2017,1,Pass! Try next round.; 
648,ravisingh,data/registration_ravisingh_H23M17S28_831C.csv,data/verification_ravisingh_H23M31S38_831C.csv,9/14/2017,1,Pass! Try next round.; 
655,ravisingh,data/registration_ravisingh_H23M17S28_831C.csv,data/verification_ravisingh_H23M29S12_831C.csv,9/14/2017,1,Pass! Enter code.;Code: 24626
1386,Raw,data/registration_Raw_H20M30S47_SM_G930T.csv,data/verification_Raw_H20M33S41_SM_G930T.csv,9/16/2017,1,Pass! Try next round.; 
1388,Raw,data/registration_Raw_H20M30S47_SM_G930T.csv,data/verification_Raw_H20M43S7_SM_G930T.csv,9/16/2017,1,Pass! Try next round.; 
1389,Raw,data/registration_Raw_H20M30S47_SM_G930T.csv,data/verification_Raw_H20M44S52_SM_G930T.csv,9/16/2017,1,Pass! Try next round.; 
1390,Raw,data/registration_Raw_H20M30S47_SM_G930T.csv,data/verification_Raw_H20M46S49_SM_G930T.csv,9/16/2017,1,Pass! Try next round.; 
1392,Raw,data/registration_Raw_H20M30S47_SM_G930T.csv,data/verification_Raw_H20M48S13_SM_G930T.csv,9/16/2017,1,Pass! Enter code.;Code: 72050
1393,Raw,data/registration_Raw_H20M30S47_SM_G930T.csv,data/verification_Raw_H20M49S48_SM_G930T.csv,9/16/2017,1,No more try please!; 
1395,Raw,data/registration_Raw_H20M30S47_SM_G930T.csv,data/verification_Raw_H20M51S40_SM_G930T.csv,9/16/2017,1,No more try please!; 
1397,Raw,data/registration_Raw_H20M30S47_SM_G930T.csv,data/verification_Raw_H20M54S17_SM_G930T.csv,9/16/2017,1,No more try please!; 
1254,Rhonda,data/registration_Rhonda_H0M0S5_XT1609.csv,data/verification_Rhonda_H0M4S7_XT1609.csv,9/15/2017,1,Pass! Try next round.; 
1255,Rhonda,data/registration_Rhonda_H0M0S5_XT1609.csv,data/verification_Rhonda_H0M10S6_XT1609.csv,9/15/2017,1,Pass! Try next round.; 
1257,Rhonda,data/registration_Rhonda_H0M0S5_XT1609.csv,data/verification_Rhonda_H0M11S31_XT1609.csv,9/15/2017,1,Pass! Try next round.; 
1259,Rhonda,data/registration_Rhonda_H0M0S5_XT1609.csv,data/verification_Rhonda_H0M13S46_XT1609.csv,9/15/2017,1,Pass! Try next round.; 
1261,Rhonda,data/registration_Rhonda_H0M0S5_XT1609.csv,data/verification_Rhonda_H0M14S56_XT1609.csv,9/15/2017,0,Fail! Enter code.;Code: 12307
747,Robinson,data/registration_Robinson_H15M7S42_SM_G930T.csv,data/verification_Robinson_H15M10S42_SM_G930T.csv,9/14/2017,1,Pass! Try next round.; 
750,Robinson,data/registration_Robinson_H15M7S42_SM_G930T.csv,data/verification_Robinson_H15M12S23_SM_G930T.csv,9/14/2017,1,Pass! Try next round.; 
753,Robinson,data/registration_Robinson_H15M7S42_SM_G930T.csv,data/verification_Robinson_H15M13S46_SM_G930T.csv,9/14/2017,1,Pass! Try next round.; 
756,Robinson,data/registration_Robinson_H15M7S42_SM_G930T.csv,data/verification_Robinson_H15M15S6_SM_G930T.csv,9/14/2017,1,Pass! Try next round.; 
757,Robinson,data/registration_Robinson_H15M7S42_SM_G930T.csv,data/verification_Robinson_H15M16S26_SM_G930T.csv,9/14/2017,1,Pass! Enter code.;Code: 78691
1249,rocky,data/registration_rocky_H21M52S35_SM_G930P.csv,data/verification_rocky_H21M55S34_SM_G930P.csv,9/15/2017,1,Pass! Try next round.; 
1250,rocky,data/registration_rocky_H21M52S35_SM_G930P.csv,data/verification_rocky_H21M57S5_SM_G930P.csv,9/15/2017,1,Pass! Try next round.; 
1251,rocky,data/registration_rocky_H21M52S35_SM_G930P.csv,data/verification_rocky_H21M58S16_SM_G930P.csv,9/15/2017,0,Fail! Try next round.; 
1252,rocky,data/registration_rocky_H21M52S35_SM_G930P.csv,data/verification_rocky_H21M59S16_SM_G930P.csv,9/15/2017,0,Fail! Try next round.; 
1253,rocky,data/registration_rocky_H21M52S35_SM_G930P.csv,data/verification_rocky_H22M0S3_SM_G930P.csv,9/15/2017,1,Pass! Enter code.;Code: 74161
1449,rogovich345,data/registration_rogovich345_H16M43S38_ASUS_Z00ED.csv,data/verification_rogovich345_H16M46S13_ASUS_Z00ED.csv,9/17/2017,1,Pass! Try next round.; 
1451,rogovich345,data/registration_rogovich345_H16M43S38_ASUS_Z00ED.csv,data/verification_rogovich345_H16M48S1_ASUS_Z00ED.csv,9/17/2017,1,Pass! Try next round.; 
1452,rogovich345,data/registration_rogovich345_H16M43S38_ASUS_Z00ED.csv,data/verification_rogovich345_H16M49S5_ASUS_Z00ED.csv,9/17/2017,1,Pass! Try next round.; 
1454,rogovich345,data/registration_rogovich345_H16M43S38_ASUS_Z00ED.csv,data/verification_rogovich345_H16M50S7_ASUS_Z00ED.csv,9/17/2017,1,Pass! Try next round.; 
1456,rogovich345,data/registration_rogovich345_H16M43S38_ASUS_Z00ED.csv,data/verification_rogovich345_H16M51S13_ASUS_Z00ED.csv,9/17/2017,1,Pass! Enter code.;Code: 53194
1343,ronny,data/registration_ronny_H0M27S26_A0001.csv,data/verification_ronny_H0M30S42_A0001.csv,9/16/2017,1,Pass! Try next round.; 
1344,ronny,data/registration_ronny_H0M27S26_A0001.csv,data/verification_ronny_H0M33S12_A0001.csv,9/16/2017,1,Pass! Try next round.; 
1345,ronny,data/registration_ronny_H0M27S26_A0001.csv,data/verification_ronny_H0M34S37_A0001.csv,9/16/2017,1,Pass! Try next round.; 
1346,ronny,data/registration_ronny_H0M27S26_A0001.csv,data/verification_ronny_H0M35S57_A0001.csv,9/16/2017,1,Pass! Try next round.; 
1347,ronny,data/registration_ronny_H0M27S26_A0001.csv,data/verification_ronny_H0M37S50_A0001.csv,9/16/2017,1,Pass! Enter code.;Code: 24630
1348,ronny,data/registration_ronny_H0M27S26_A0001.csv,data/verification_ronny_H0M39S24_A0001.csv,9/16/2017,1,No more try please!; 
967,saibaba,data/registration_saibaba_H7M52S35_Redmi4A.csv,data/verification_saibaba_H7M56S33_Redmi4A.csv,9/14/2017,1,Pass! Try next round.; 
970,saibaba,data/registration_saibaba_H7M52S35_Redmi4A.csv,data/verification_saibaba_H7M58S44_Redmi4A.csv,9/14/2017,1,Pass! Try next round.; 
975,saibaba,data/registration_saibaba_H7M52S35_Redmi4A.csv,data/verification_saibaba_H8M8S8_Redmi4A.csv,9/14/2017,1,Pass! Try next round.; 
976,saibaba,data/registration_saibaba_H7M52S35_Redmi4A.csv,data/verification_saibaba_H8M9S45_Redmi4A.csv,9/14/2017,1,Pass! Try next round.; 
979,saibaba,data/registration_saibaba_H7M52S35_Redmi4A.csv,data/verification_saibaba_H8M13S45_Redmi4A.csv,9/14/2017,1,Pass! Enter code.;Code: 23413
728,sam,data/registration_sam_H0M12S30_XT1033.csv,data/verification_sam_H0M15S20_XT1033.csv,9/14/2017,1,Pass! Try next round.; 
734,sam,data/registration_sam_H0M12S30_XT1033.csv,data/verification_sam_H0M33S37_XT1033.csv,9/14/2017,1,Pass! Try next round.; 
744,sam,data/registration_sam_H0M12S30_XT1033.csv,data/verification_sam_H0M38S39_XT1033.csv,9/14/2017,1,Pass! Try next round.; 
749,sam,data/registration_sam_H0M12S30_XT1033.csv,data/verification_sam_H0M41S3_XT1033.csv,9/14/2017,1,Pass! Try next round.; 
752,sam,data/registration_sam_H0M12S30_XT1033.csv,data/verification_sam_H0M42S53_XT1033.csv,9/14/2017,1,Pass! Enter code.;Code: 72357
1228,sasuke,data/registration_sasuke_H18M8S0_XT1032.csv,data/verification_sasuke_H18M12S49_XT1032.csv,9/15/2017,1,Pass! Try next round.; 
1229,sasuke,data/registration_sasuke_H18M8S0_XT1032.csv,data/verification_sasuke_H18M15S47_XT1032.csv,9/15/2017,1,Pass! Try next round.; 
1230,sasuke,data/registration_sasuke_H18M8S0_XT1032.csv,data/verification_sasuke_H18M18S35_XT1032.csv,9/15/2017,1,Pass! Try next round.; 
1231,sasuke,data/registration_sasuke_H18M8S0_XT1032.csv,data/verification_sasuke_H18M21S45_XT1032.csv,9/15/2017,1,Pass! Try next round.; 
1232,sasuke,data/registration_sasuke_H18M8S0_XT1032.csv,data/verification_sasuke_H18M24S19_XT1032.csv,9/15/2017,1,Pass! Enter code.;Code: 84711
764,savvy,data/registration_savvy_H15M21S39_SM_G955U.csv,data/verification_savvy_H15M24S19_SM_G955U.csv,9/14/2017,1,Pass! Try next round.; 
765,savvy,data/registration_savvy_H15M21S39_SM_G955U.csv,data/verification_savvy_H15M26S30_SM_G955U.csv,9/14/2017,1,Pass! Try next round.; 
766,savvy,data/registration_savvy_H15M21S39_SM_G955U.csv,data/verification_savvy_H15M27S50_SM_G955U.csv,9/14/2017,1,Pass! Try next round.; 
767,savvy,data/registration_savvy_H15M21S39_SM_G955U.csv,data/verification_savvy_H15M29S26_SM_G955U.csv,9/14/2017,1,Pass! Try next round.; 
768,savvy,data/registration_savvy_H15M21S39_SM_G955U.csv,data/verification_savvy_H15M30S53_SM_G955U.csv,9/14/2017,1,Pass! Enter code.;Code: 56023
931,sheebuy,data/registration_sheebuy_H18M38S38_MT2L03.csv,data/verification_sheebuy_H18M41S23_MT2L03.csv,9/14/2017,1,Pass! Try next round.; 
934,sheebuy,data/registration_sheebuy_H18M38S38_MT2L03.csv,data/verification_sheebuy_H18M44S23_MT2L03.csv,9/14/2017,1,Pass! Try next round.; 
935,sheebuy,data/registration_sheebuy_H18M38S38_MT2L03.csv,data/verification_sheebuy_H18M45S32_MT2L03.csv,9/14/2017,1,Pass! Try next round.; 
936,sheebuy,data/registration_sheebuy_H18M38S38_MT2L03.csv,data/verification_sheebuy_H18M46S42_MT2L03.csv,9/14/2017,1,Pass! Try next round.; 
938,sheebuy,data/registration_sheebuy_H18M38S38_MT2L03.csv,data/verification_sheebuy_H18M47S56_MT2L03.csv,9/14/2017,1,Pass! Enter code.;Code: 23521
1300,sid,data/registration_sid_H18M15S54_LenovoZ90a40.csv,data/verification_sid_H18M20S44_LenovoZ90a40.csv,9/16/2017,1,Pass! Try next round.; 
1303,sid,data/registration_sid_H18M15S54_LenovoZ90a40.csv,data/verification_sid_H18M22S58_LenovoZ90a40.csv,9/16/2017,0,Fail! Try next round.; 
1304,sid,data/registration_sid_H18M15S54_LenovoZ90a40.csv,data/verification_sid_H18M24S35_LenovoZ90a40.csv,9/16/2017,0,Fail! Try next round.; 
1305,sid,data/registration_sid_H18M15S54_LenovoZ90a40.csv,data/verification_sid_H18M26S25_LenovoZ90a40.csv,9/16/2017,0,Fail! Try next round.; 
1307,sid,data/registration_sid_H18M15S54_LenovoZ90a40.csv,data/verification_sid_H18M28S13_LenovoZ90a40.csv,9/16/2017,0,Fail! Enter code.;Code: 18985
700,sithara,data/registration_sithara_H23M44S37_MotoG3.csv,data/verification_sithara_H23M49S0_MotoG3.csv,9/14/2017,1,Pass! Try next round.; 
704,sithara,data/registration_sithara_H23M44S37_MotoG3.csv,data/verification_sithara_H23M52S35_MotoG3.csv,9/14/2017,1,Pass! Try next round.; 
707,sithara,data/registration_sithara_H23M44S37_MotoG3.csv,data/verification_sithara_H23M54S42_MotoG3.csv,9/14/2017,1,Pass! Try next round.; 
711,sithara,data/registration_sithara_H23M44S37_MotoG3.csv,data/verification_sithara_H23M56S50_MotoG3.csv,9/14/2017,1,Pass! Try next round.; 
712,sithara,data/registration_sithara_H23M44S37_MotoG3.csv,data/verification_sithara_H23M58S52_MotoG3.csv,9/14/2017,1,Pass! Enter code.;Code: 65052
662,sithu,data/registration_sithu_H23M30S55_MotoG3.csv,data/verification_sithu_H23M36S9_MotoG3.csv,9/14/2017,1,Pass! Try next round.; 
673,sithu,data/registration_sithu_H23M30S55_MotoG3.csv,data/verification_sithu_H23M39S29_MotoG3.csv,9/14/2017,1,Pass! Try next round.; 
1238,skeezix,data/registration_skeezix_H18M1S15_XT1635_01.csv,data/verification_skeezix_H18M14S38_XT1635_01.csv,9/15/2017,1,Pass! Try next round.; 
1239,skeezix,data/registration_skeezix_H18M1S15_XT1635_01.csv,data/verification_skeezix_H18M18S7_XT1635_01.csv,9/15/2017,1,Pass! Try next round.; 
1536,smithi,data/registration_smithi_H21M24S31_FRD_L14.csv,data/verification_smithi_H21M27S13_FRD_L14.csv,9/17/2017,1,Pass! Try next round.; 
1537,smithi,data/registration_smithi_H21M24S31_FRD_L14.csv,data/verification_smithi_H21M30S14_FRD_L14.csv,9/17/2017,1,Pass! Try next round.; 
1538,smithi,data/registration_smithi_H21M24S31_FRD_L14.csv,data/verification_smithi_H21M31S36_FRD_L14.csv,9/17/2017,1,Pass! Try next round.; 
1539,smithi,data/registration_smithi_H21M24S31_FRD_L14.csv,data/verification_smithi_H21M32S56_FRD_L14.csv,9/17/2017,1,Pass! Try next round.; 
1540,smithi,data/registration_smithi_H21M24S31_FRD_L14.csv,data/verification_smithi_H21M34S5_FRD_L14.csv,9/17/2017,0,Fail! Enter code.;Code: 89934
660,sonu,data/registration_sonu_H23M29S22_SM_J700F.csv,data/verification_sonu_H23M35S56_SM_J700F.csv,9/14/2017,1,Pass! Try next round.; 
663,sonu,data/registration_sonu_H23M29S22_SM_J700F.csv,data/verification_sonu_H23M37S30_SM_J700F.csv,9/14/2017,1,Pass! Try next round.; 
668,sonu,data/registration_sonu_H23M29S22_SM_J700F.csv,data/verification_sonu_H23M39S0_SM_J700F.csv,9/14/2017,1,Pass! Try next round.; 
684,sonu,data/registration_sonu_H23M29S22_SM_J700F.csv,data/verification_sonu_H23M42S19_SM_J700F.csv,9/14/2017,1,Pass! Try next round.; 
703,sonu,data/registration_sonu_H23M29S22_SM_J700F.csv,data/verification_sonu_H23M51S13_SM_J700F.csv,9/14/2017,1,Pass! Enter code.;Code: 60063
1458,soulchief,data/registration_soulchief_H9M31S57_Nexus6P.csv,data/verification_soulchief_H9M34S53_Nexus6P.csv,9/17/2017,1,Pass! Try next round.; 
1459,soulchief,data/registration_soulchief_H9M31S57_Nexus6P.csv,data/verification_soulchief_H9M36S28_Nexus6P.csv,9/17/2017,1,Pass! Try next round.; 
1460,soulchief,data/registration_soulchief_H9M31S57_Nexus6P.csv,data/verification_soulchief_H9M38S2_Nexus6P.csv,9/17/2017,1,Pass! Try next round.; 
1461,soulchief,data/registration_soulchief_H9M31S57_Nexus6P.csv,data/verification_soulchief_H9M39S49_Nexus6P.csv,9/17/2017,1,Pass! Try next round.; 
1462,soulchief,data/registration_soulchief_H9M31S57_Nexus6P.csv,data/verification_soulchief_H9M40S53_Nexus6P.csv,9/17/2017,1,Pass! Enter code.;Code: 91601
1278,spurac,data/registration_spurac_H15M50S18_RedmiNote3.csv,data/verification_spurac_H15M55S2_RedmiNote3.csv,9/16/2017,1,Pass! Try next round.; 
1279,spurac,data/registration_spurac_H15M50S18_RedmiNote3.csv,data/verification_spurac_H15M57S54_RedmiNote3.csv,9/16/2017,1,Pass! Try next round.; 
1280,spurac,data/registration_spurac_H15M50S18_RedmiNote3.csv,data/verification_spurac_H16M0S43_RedmiNote3.csv,9/16/2017,1,Pass! Try next round.; 
1281,spurac,data/registration_spurac_H15M50S18_RedmiNote3.csv,data/verification_spurac_H16M2S23_RedmiNote3.csv,9/16/2017,1,Pass! Try next round.; 
1282,spurac,data/registration_spurac_H15M50S18_RedmiNote3.csv,data/verification_spurac_H16M3S56_RedmiNote3.csv,9/16/2017,1,Pass! Enter code.;Code: 20800
1225,Starfive,data/registration_Starfive_H14M24S20_SM_N910V.csv,data/verification_Starfive_H14M30S31_SM_N910V.csv,9/15/2017,1,Pass! Try next round.; 
1226,Starfive,data/registration_Starfive_H14M24S20_SM_N910V.csv,data/verification_Starfive_H14M34S29_SM_N910V.csv,9/15/2017,1,Pass! Try next round.; 
1227,Starfive,data/registration_Starfive_H14M24S20_SM_N910V.csv,data/verification_Starfive_H15M2S51_SM_N910V.csv,9/15/2017,1,Pass! Try next round.; 
839,Steviewonder,data/registration_Steviewonder_H16M59S0_LGLS775.csv,data/verification_Steviewonder_H17M3S56_LGLS775.csv,9/14/2017,1,Pass! Try next round.; 
842,Steviewonder,data/registration_Steviewonder_H16M59S0_LGLS775.csv,data/verification_Steviewonder_H17M7S26_LGLS775.csv,9/14/2017,1,Pass! Try next round.; 
847,Steviewonder,data/registration_Steviewonder_H16M59S0_LGLS775.csv,data/verification_Steviewonder_H17M26S55_LGLS775.csv,9/14/2017,1,Pass! Try next round.; 
858,Steviewonder,data/registration_Steviewonder_H16M59S0_LGLS775.csv,data/verification_Steviewonder_H17M39S44_LGLS775.csv,9/14/2017,1,Pass! Try next round.; 
859,Steviewonder,data/registration_Steviewonder_H16M59S0_LGLS775.csv,data/verification_Steviewonder_H17M42S31_LGLS775.csv,9/14/2017,1,Pass! Enter code.;Code: 23664
1298,suh,data/registration_suh_H18M12S22_LenovoK50a40.csv,data/verification_suh_H18M15S58_LenovoK50a40.csv,9/16/2017,0,Fail! Try next round.; 
1299,suh,data/registration_suh_H18M12S22_LenovoK50a40.csv,data/verification_suh_H18M18S13_LenovoK50a40.csv,9/16/2017,1,Pass! Try next round.; 
1432,sunny,data/registration_sunny_H16M29S16_ONEPLUSA3003.csv,data/verification_sunny_H16M31S54_ONEPLUSA3003.csv,9/17/2017,1,Pass! Try next round.; 
1433,sunny,data/registration_sunny_H16M29S16_ONEPLUSA3003.csv,data/verification_sunny_H16M35S15_ONEPLUSA3003.csv,9/17/2017,1,Pass! Try next round.; 
814,suzie,data/registration_suzie_H16M21S39_XT1049.csv,data/verification_suzie_H16M32S55_XT1049.csv,9/14/2017,1,Pass! Try next round.; 
818,suzie,data/registration_suzie_H16M21S39_XT1049.csv,data/verification_suzie_H16M36S42_XT1049.csv,9/14/2017,1,Pass! Try next round.; 
880,Szaddo,data/registration_Szaddo_H16M22S28_LGMS550.csv,data/verification_Szaddo_H16M25S31_LGMS550.csv,9/14/2017,1,Pass! Try next round.; 
881,Szaddo,data/registration_Szaddo_H16M22S28_LGMS550.csv,data/verification_Szaddo_H16M28S5_LGMS550.csv,9/14/2017,0,Fail! Try next round.; 
882,Szaddo,data/registration_Szaddo_H16M22S28_LGMS550.csv,data/verification_Szaddo_H16M28S53_LGMS550.csv,9/14/2017,0,Fail! Try next round.; 
1233,taylor,data/registration_Taylor_H19M0S15_SAMSUNG_SM_G891A.csv,data/verification_Taylor_H19M4S37_SAMSUNG_SM_G891A.csv,9/15/2017,1,Pass! Try next round.; 
1234,taylor,data/registration_Taylor_H19M0S15_SAMSUNG_SM_G891A.csv,data/verification_taylor_H19M7S38_SAMSUNG_SM_G891A.csv,9/15/2017,1,Pass! Try next round.; 
1235,taylor,data/registration_Taylor_H19M0S15_SAMSUNG_SM_G891A.csv,data/verification_taylor_H19M9S5_SAMSUNG_SM_G891A.csv,9/15/2017,1,Pass! Try next round.; 
1236,taylor,data/registration_Taylor_H19M0S15_SAMSUNG_SM_G891A.csv,data/verification_taylor_H19M10S35_SAMSUNG_SM_G891A.csv,9/15/2017,1,Pass! Try next round.; 
1237,taylor,data/registration_Taylor_H19M0S15_SAMSUNG_SM_G891A.csv,data/verification_taylor_H19M11S47_SAMSUNG_SM_G891A.csv,9/15/2017,0,Fail! Enter code.;Code: 28791
609,tevaz,data/registration_tevaz_H13M41S52_unknown.csv,data/verification_tevaz_H13M45S56_unknown.csv,9/14/2017,1,Pass! Try next round.; 
615,tevaz,data/registration_tevaz_H13M41S52_unknown.csv,data/verification_tevaz_H13M47S51_unknown.csv,9/14/2017,1,Pass! Try next round.; 
620,tevaz,data/registration_tevaz_H13M41S52_unknown.csv,data/verification_tevaz_H13M49S4_unknown.csv,9/14/2017,1,Pass! Try next round.; 
623,tevaz,data/registration_tevaz_H13M41S52_unknown.csv,data/verification_tevaz_H13M50S22_unknown.csv,9/14/2017,1,Pass! Try next round.; 
629,tevaz,data/registration_tevaz_H13M41S52_unknown.csv,data/verification_tevaz_H13M51S38_unknown.csv,9/14/2017,1,Pass! Enter code.;Code: 73988
1290,thelawgoddess,data/registration_thelawgoddess_H7M20S21_SM_G935V.csv,data/verification_thelawgoddess_H7M24S14_SM_G935V.csv,9/16/2017,1,Pass! Try next round.; 
1291,thelawgoddess,data/registration_thelawgoddess_H7M20S21_SM_G935V.csv,data/verification_thelawgoddess_H7M26S7_SM_G935V.csv,9/16/2017,1,Pass! Try next round.; 
1292,thelawgoddess,data/registration_thelawgoddess_H7M20S21_SM_G935V.csv,data/verification_thelawgoddess_H7M27S39_SM_G935V.csv,9/16/2017,1,Pass! Try next round.; 
1293,thelawgoddess,data/registration_thelawgoddess_H7M20S21_SM_G935V.csv,data/verification_thelawgoddess_H7M29S13_SM_G935V.csv,9/16/2017,1,Pass! Try next round.; 
1294,thelawgoddess,data/registration_thelawgoddess_H7M20S21_SM_G935V.csv,data/verification_thelawgoddess_H7M30S33_SM_G935V.csv,9/16/2017,1,Pass! Enter code.;Code: 73520
928,timyorba,data/registration_timyorba_H18M27S51_LGUS992.csv,data/verification_timyorba_H18M31S13_LGUS992.csv,9/14/2017,1,Pass! Try next round.; 
929,timyorba,data/registration_timyorba_H18M27S51_LGUS992.csv,data/verification_timyorba_H18M35S16_LGUS992.csv,9/14/2017,1,Pass! Try next round.; 
930,timyorba,data/registration_timyorba_H18M27S51_LGUS992.csv,data/verification_timyorba_H18M39S27_LGUS992.csv,9/14/2017,1,Pass! Try next round.; 
932,timyorba,data/registration_timyorba_H18M27S51_LGUS992.csv,data/verification_timyorba_H18M41S1_LGUS992.csv,9/14/2017,0,Fail! Try next round.; 
933,timyorba,data/registration_timyorba_H18M27S51_LGUS992.csv,data/verification_timyorba_H18M42S47_LGUS992.csv,9/14/2017,1,Pass! Enter code.;Code: 17766
1607,tober123,data/registration_tober123_H12M0S59_LG_H918.csv,data/verification_tober123_H12M4S58_LG_H918.csv,9/21/2017,1,Pass! Try next round.; 
1608,tober123,data/registration_tober123_H12M0S59_LG_H918.csv,data/verification_tober123_H15M40S47_LG_H918.csv,9/21/2017,1,Pass! Try next round.; 
1609,tober123,data/registration_tober123_H12M0S59_LG_H918.csv,data/verification_tober123_H15M42S33_LG_H918.csv,9/21/2017,1,Pass! Try next round.; 
1610,tober123,data/registration_tober123_H12M0S59_LG_H918.csv,data/verification_tober123_H15M43S50_LG_H918.csv,9/21/2017,1,Pass! Try next round.; 
1611,tober123,data/registration_tober123_H12M0S59_LG_H918.csv,data/verification_tober123_H15M45S31_LG_H918.csv,9/21/2017,1,Pass! Enter code.;Code: 31583
681,tomojo,data/registration_tomojo_H14M9S37_SAMSUNG_SGH_I337.csv,data/verification_tomojo_H14M12S34_SAMSUNG_SGH_I337.csv,9/14/2017,1,Pass! Try next round.; 
688,tomojo,data/registration_tomojo_H14M9S37_SAMSUNG_SGH_I337.csv,data/verification_tomojo_H14M14S0_SAMSUNG_SGH_I337.csv,9/14/2017,1,Pass! Try next round.; 
691,tomojo,data/registration_tomojo_H14M9S37_SAMSUNG_SGH_I337.csv,data/verification_tomojo_H14M15S22_SAMSUNG_SGH_I337.csv,9/14/2017,1,Pass! Try next round.; 
694,tomojo,data/registration_tomojo_H14M9S37_SAMSUNG_SGH_I337.csv,data/verification_tomojo_H14M16S57_SAMSUNG_SGH_I337.csv,9/14/2017,1,Pass! Try next round.; 
698,tomojo,data/registration_tomojo_H14M9S37_SAMSUNG_SGH_I337.csv,data/verification_tomojo_H14M18S21_SAMSUNG_SGH_I337.csv,9/14/2017,1,Pass! Enter code.;Code: 87692
1018,triom371,data/registration_triom371_H11M26S5_RedmiNote3.csv,data/verification_triom371_H11M28S17_RedmiNote3.csv,9/14/2017,1,Pass! Try next round.; 
953,tryagain1,data/registration_tryagain1_H21M8S0_SM_G920V.csv,data/verification_tryagain1_H21M10S51_SM_G920V.csv,9/14/2017,1,Pass! Try next round.; 
955,tryagain1,data/registration_tryagain1_H21M8S0_SM_G920V.csv,data/verification_tryagain1_H21M13S6_SM_G920V.csv,9/14/2017,1,Pass! Try next round.; 
958,tryagain1,data/registration_tryagain1_H21M8S0_SM_G920V.csv,data/verification_tryagain1_H21M15S24_SM_G920V.csv,9/14/2017,1,Pass! Try next round.; 
960,tryagain1,data/registration_tryagain1_H21M8S0_SM_G920V.csv,data/verification_tryagain1_H21M16S56_SM_G920V.csv,9/14/2017,0,Fail! Try next round.; 
961,tryagain1,data/registration_tryagain1_H21M8S0_SM_G920V.csv,data/verification_tryagain1_H21M18S46_SM_G920V.csv,9/14/2017,0,Fail! Enter code.;Code: 77133
903,tye,data/registration_tye_H19M19S21_SM_N920T.csv,data/verification_tye_H19M21S53_SM_N920T.csv,9/14/2017,1,Pass! Try next round.; 
904,tye,data/registration_tye_H19M19S21_SM_N920T.csv,data/verification_tye_H19M25S49_SM_N920T.csv,9/14/2017,0,Fail! Try next round.; 
905,tye,data/registration_tye_H19M19S21_SM_N920T.csv,data/verification_tye_H19M27S7_SM_N920T.csv,9/14/2017,0,Fail! Try next round.; 
1121,Umlaufj,data/registration_Umlaufj_H9M50S35_SM_N920V.csv,data/verification_Umlaufj_H9M54S18_SM_N920V.csv,9/15/2017,1,Pass! Try next round.; 
1124,Umlaufj,data/registration_Umlaufj_H9M50S35_SM_N920V.csv,data/verification_Umlaufj_H9M56S36_SM_N920V.csv,9/15/2017,0,Fail! Try next round.; 
1125,Umlaufj,data/registration_Umlaufj_H9M50S35_SM_N920V.csv,data/verification_Umlaufj_H9M58S52_SM_N920V.csv,9/15/2017,1,Pass! Try next round.; 
1126,Umlaufj,data/registration_Umlaufj_H9M50S35_SM_N920V.csv,data/verification_Umlaufj_H10M0S56_SM_N920V.csv,9/15/2017,1,Pass! Try next round.; 
1127,Umlaufj,data/registration_Umlaufj_H9M50S35_SM_N920V.csv,data/verification_Umlaufj_H10M2S30_SM_N920V.csv,9/15/2017,0,Fail! Enter code.;Code: 83003
1508,uzair,data/registration_uzair_H20M10S50_SM_J320W8.csv,data/verification_uzair_H20M13S44_SM_J320W8.csv,9/17/2017,1,Pass! Try next round.; 
1510,uzair,data/registration_uzair_H20M10S50_SM_J320W8.csv,data/verification_uzair_H20M15S55_SM_J320W8.csv,9/17/2017,1,Pass! Try next round.; 
1511,uzair,data/registration_uzair_H20M10S50_SM_J320W8.csv,data/verification_uzair_H20M17S21_SM_J320W8.csv,9/17/2017,1,Pass! Try next round.; 
1512,uzair,data/registration_uzair_H20M10S50_SM_J320W8.csv,data/verification_uzair_H20M18S23_SM_J320W8.csv,9/17/2017,0,Fail! Try next round.; 
1513,uzair,data/registration_uzair_H20M10S50_SM_J320W8.csv,data/verification_uzair_H20M19S17_SM_J320W8.csv,9/17/2017,0,Fail! Enter code.;Code: 74508
1514,uzair,data/registration_uzair_H20M10S50_SM_J320W8.csv,data/verification_uzair_H20M20S16_SM_J320W8.csv,9/17/2017,1,No more try please!; 
1515,uzair,data/registration_uzair_H20M10S50_SM_J320W8.csv,data/verification_uzair_H20M23S51_SM_J320W8.csv,9/17/2017,0,No more try please!; 
616,vaitsa,data/registration_vaitsa_H20M44S17_Redmi3.csv,data/verification_vaitsa_H20M47S53_Redmi3.csv,9/14/2017,1,Pass! Try next round.; 
631,vaitsa,data/registration_vaitsa_H20M44S17_Redmi3.csv,data/verification_vaitsa_H20M49S53_Redmi3.csv,9/14/2017,1,Pass! Try next round.; 
636,vaitsa,data/registration_vaitsa_H20M44S17_Redmi3.csv,data/verification_vaitsa_H20M54S45_Redmi3.csv,9/14/2017,1,Pass! Try next round.; 
638,vaitsa,data/registration_vaitsa_H20M44S17_Redmi3.csv,data/verification_vaitsa_H20M56S26_Redmi3.csv,9/14/2017,1,Pass! Try next round.; 
643,vaitsa,data/registration_vaitsa_H20M44S17_Redmi3.csv,data/verification_vaitsa_H20M59S33_Redmi3.csv,9/14/2017,1,Pass! Enter code.;Code: 88368
646,vaitsa,data/registration_vaitsa_H20M44S17_Redmi3.csv,data/verification_vaitsa_H21M1S15_Redmi3.csv,9/14/2017,1,No more try please!; 
649,vaitsa,data/registration_vaitsa_H20M44S17_Redmi3.csv,data/verification_vaitsa_H21M2S34_Redmi3.csv,9/14/2017,1,No more try please!; 
1037,venkat,data/registration_venkat_H12M23S30_RedmiNote4.csv,data/verification_venkat_H12M26S59_RedmiNote4.csv,9/15/2017,1,Pass! Try next round.; 
1039,venkat,data/registration_venkat_H12M23S30_RedmiNote4.csv,data/verification_venkat_H12M31S43_RedmiNote4.csv,9/15/2017,1,Pass! Try next round.; 
1040,venkat,data/registration_venkat_H12M23S30_RedmiNote4.csv,data/verification_venkat_H12M33S27_RedmiNote4.csv,9/15/2017,1,Pass! Try next round.; 
1042,venkat,data/registration_venkat_H12M23S30_RedmiNote4.csv,data/verification_venkat_H12M35S7_RedmiNote4.csv,9/15/2017,1,Pass! Try next round.; 
1043,venkat,data/registration_venkat_H12M23S30_RedmiNote4.csv,data/verification_venkat_H12M36S29_RedmiNote4.csv,9/15/2017,1,Pass! Enter code.;Code: 19151
1381,walmnh,data/registration_walmnh_H20M0S52_LG_H830.csv,data/verification_walmnh_H20M3S57_LG_H830.csv,9/16/2017,1,Pass! Try next round.; 
1382,walmnh,data/registration_walmnh_H20M0S52_LG_H830.csv,data/verification_walmnh_H20M5S51_LG_H830.csv,9/16/2017,1,Pass! Try next round.; 
1383,walmnh,data/registration_walmnh_H20M0S52_LG_H830.csv,data/verification_walmnh_H20M7S23_LG_H830.csv,9/16/2017,1,Pass! Try next round.; 
1384,walmnh,data/registration_walmnh_H20M0S52_LG_H830.csv,data/verification_walmnh_H20M8S31_LG_H830.csv,9/16/2017,1,Pass! Try next round.; 
1385,walmnh,data/registration_walmnh_H20M0S52_LG_H830.csv,data/verification_walmnh_H20M10S18_LG_H830.csv,9/16/2017,1,Pass! Enter code.;Code: 97606
642,Yan,data/registration_Yan_H23M23S11_SM_J710FN.csv,data/verification_Yan_H23M27S37_SM_J710FN.csv,9/14/2017,1,Pass! Try next round.; 
654,Yan,data/registration_Yan_H23M23S11_SM_J710FN.csv,data/verification_Yan_H23M32S29_SM_J710FN.csv,9/14/2017,1,Pass! Try next round.; 
666,Yan,data/registration_Yan_H23M23S11_SM_J710FN.csv,data/verification_Yan_H23M36S51_SM_J710FN.csv,9/14/2017,1,Pass! Try next round.; 
675,Yan,data/registration_Yan_H23M23S11_SM_J710FN.csv,data/verification_Yan_H23M40S33_SM_J710FN.csv,9/14/2017,1,Pass! Try next round.; 
692,Yan,data/registration_Yan_H23M23S11_SM_J710FN.csv,data/verification_Yan_H23M45S46_SM_J710FN.csv,9/14/2017,1,Pass! Enter code.;Code: 88334
1441,yash,data/registration_yash_H18M21S53_AO5510.csv,data/verification_yash_H18M24S27_AO5510.csv,9/17/2017,1,Pass! Try next round.; 
1442,yash,data/registration_yash_H18M21S53_AO5510.csv,data/verification_yash_H18M26S47_AO5510.csv,9/17/2017,1,Pass! Try next round.; 
1444,yash,data/registration_yash_H18M21S53_AO5510.csv,data/verification_yash_H18M28S7_AO5510.csv,9/17/2017,1,Pass! Try next round.; 
1445,yash,data/registration_yash_H18M21S53_AO5510.csv,data/verification_yash_H18M29S21_AO5510.csv,9/17/2017,1,Pass! Try next round.; 
1446,yash,data/registration_yash_H18M21S53_AO5510.csv,data/verification_yash_H18M30S34_AO5510.csv,9/17/2017,1,Pass! Enter code.;Code: 30853